Vehicle_ID,Vehicle_Name,VIN,Serial,OBD_Odometer_Miles,GPS_Distance_Miles,OBD_Last_Update,GPS_Last_Update,Status,Annual_Date,Annual_Days_Remaining,PM_Date,PM_Days_Remaining,PM_Insp_Date,PM_Insp_Days_Remaining,Annual_Alert,PM_Alert,PM_Insp_Alert
212014918171469,538,4V4NC9EH8KN902065,G6RHVSKJTR,1123322,1133188,2025-08-29T15:46:41Z,2025-08-29T14:23:53Z,,6/5/2026,279.0,6/5/2025,-86.0,,,OK,OVERDUE,No Data
212014918171616,1166,3AKJHHDR6LSLJ9925,G7T4AE689G,789100,968673,2025-08-26T07:13:50Z,2025-08-26T06:59:52Z,,2/6/2026,160.0,6/26/2025,-65.0,,,OK,OVERDUE,No Data
212014918171678,939,4V4NC9EH3JN894245,G5Z4JPNH42,1354046,1269206,2025-08-29T15:46:43Z,2025-08-29T15:46:17Z,,11/13/2025,75.0,7/28/2025,-33.0,,,OK,OVERDUE,No Data
212014918986210,121,1XP7DB9X86D640651,GU27MVWXWR,2120165,607087,2025-08-29T13:15:48Z,2025-08-29T13:08:12Z,,12/23/2025,115.0,6/3/2025,-88.0,,,OK,OVERDUE,No Data
278018081960309,1229,3AKJHHDR9MSMR8236,GZBVHS24GY,542943,548895,2025-08-29T14:15:59Z,2025-08-29T14:21:23Z,,10/4/2025,35.0,05/23/2025,-99.0,,,WARNING,OVERDUE,No Data
278018081960328,223,4V4NC9EH6LN265971,,398003,233611,2022-04-18T17:15:34Z,2022-04-18T17:16:00Z,,8/29/2022,-1097.0,11/19/2021,-1380.0,,,OVERDUE,OVERDUE,No Data
278018081960330,1235,3AKJHHDR2MSMR8255,G7HF7GENWT,598150,598574,2025-08-29T15:46:58Z,2025-08-29T15:46:16Z,,9/13/2025,14.0,7/8/2025,-53.0,,,CRITICAL,OVERDUE,No Data
278018081960344,1644,3AKJHHDR8RSUX0774,,301478,545081,2025-06-27T14:15:00Z,2025-06-27T02:51:54Z,Spare ,3/11/2026,193.0,2/5/25,,,,OK,No Data,No Data
278018081960461,562,3AKJHHDR6MSMR8257,G59YN5MR7H,667176,664406,2025-08-29T15:46:42Z,2025-08-29T15:46:27Z,,6/20/2026,294.0,8/11,,,,OK,No Data,No Data
278018081960474,504,3AKJHHDR2PSNV2206,GFKZ2F8JGX,406658,669961,2025-08-29T15:46:37Z,2025-08-29T15:46:11Z,,3/7/2026,189.0,05/23/25,,,,OK,No Data,No Data
278018081960623,1631,3AKJHHDR5RSUX0764,G9ANC97MJW,313236,559967,2025-08-29T15:46:54Z,2025-08-29T15:46:20Z,,3/5/2026,187.0,8/21/25,,,,OK,No Data,No Data
278018081960782,1647,4V4NC9EH3RN641082,G855BR595V,281000,547968,2025-08-15T14:53:56Z,2025-08-15T14:55:10Z,,5/20/2026,263.0,5/16/25,,,,OK,No Data,No Data
278018081960985,1633,3AKJHHDR4RSUX0772,GHSBDAZF6C,255179,514991,2025-08-29T15:46:41Z,2025-08-29T15:29:00Z,,03/21/2026,203.0,7/18/2025,-43.0,,,OK,OVERDUE,No Data
278018081961084,1640,3AKJHHDR3RSUX0763,GSCP273HUA,342706,602252,2025-08-29T13:45:52Z,2025-08-29T06:31:33Z,For Sale,3/1/2026,183.0,4/26/25,,,,OK,No Data,No Data
281474976745688,547,4V4NC9TJ63N349293,GGGZ2PZJMK,1132283,309993,2025-08-29T15:46:31Z,2025-08-29T13:12:43Z,,3/10/2026,192.0,2/13/23,,,,OK,No Data,No Data
281474977087147,1206,4V4NC9EH6LN244490,G5H4GBFJZP,737845,738656,2025-08-29T15:46:40Z,2025-08-29T15:46:21Z,,1/14/2026,137.0,6/23/2025,-68.0,,,OK,OVERDUE,No Data
281474977277436,1227,3AKJHHDR5MSMR8234,GWMKMJUCZG,844708,846476,2025-08-29T15:46:38Z,2025-08-29T15:46:37Z,,4/14/2023,-869.0,12/1/2022,-1003.0,,,OVERDUE,OVERDUE,No Data
281474977591745,1654,4V4NC9EH3RN641079,GGXJPWFAKH,271972,535666,2025-08-29T15:46:32Z,2025-08-29T15:46:11Z,,4/18/2026,231.0,7/30/25,,,,OK,No Data,No Data
281474977697220,1537,3AKJHHDR8MSMU3552,,276898,275440,2023-03-27T16:22:33Z,2023-03-27T16:30:20Z,For Sale,5/7/2025,-115.0,05/07/2024,-480.0,,,OVERDUE,OVERDUE,No Data
281474977973648,1284,3AKJHHDRXNSMX1757,GNCZCN45VD,561637,563065,2025-08-29T15:46:39Z,2025-08-29T15:46:18Z,,1/17/2026,140.0,7/24/2025,-37.0,,,OK,OVERDUE,No Data
281474977973890,1288,4V4NC9EH3NN298056,GWSJ9V76UA,837614,836838,2025-08-29T15:46:41Z,2025-08-29T15:39:32Z,,10/18/2025,49.0,5/19/2025,-103.0,,,WARNING,OVERDUE,No Data
281474977995777,1638,3AKJHHDRXRSUX0761,GAEV2FX8RF,236040,494630,2025-08-29T03:48:53Z,2025-08-29T13:59:16Z,,6/17/2026,291.0,6/17/2025,-74.0,,,OK,OVERDUE,No Data
281474978026844,1642,3AKJHHDR9RSUX0766,,335255,595758,2025-08-20T13:40:45Z,2025-08-20T13:28:18Z,For Sale,2/14/2026,168.0,8/12/25,,,,OK,No Data,No Data
281474978029673,505,3AKJHHDR5PSNV2183,GGWNRUYMYE,368532,673059,2025-08-29T15:46:39Z,2025-08-29T10:15:42Z,,3/5/2026,187.0,6/27/2025,-64.0,,,OK,OVERDUE,No Data
281474978105114,1606,4V4NC9EH7PN323883,G96SH6ACVJ,369834,586246,2025-08-29T10:55:23Z,2025-08-29T13:20:26Z,,10/1/2025,32.0,7/30/25,,,,WARNING,No Data,No Data
281474978272626,1344,1FUJHHDR8NLMX1915,GY75XWSPB3,528343,529088,2025-08-19T18:18:46Z,2025-08-19T17:44:24Z,,3/10/2026,192.0,6/17/25,,,,OK,No Data,No Data
281474978273127,1345,1FUJHHDRXNLMX1916,G63H3WF722,589181,590280,2025-08-20T19:12:10Z,2025-08-21T05:22:52Z,,1/24/2026,147.0,3/25/25,,,,OK,No Data,No Data
281474978598543,1353,3AKJHHDR3NSMX1972,GGMZ2PEBXD,638739,640688,2025-08-29T15:46:46Z,2025-08-29T15:46:35Z,,7/3/2026,307.0,6/18/25,,,,OK,No Data,No Data
281474978642463,1358,3AKJHHDR5NSMX1939,GEG9J33P7U,305862,308737,2025-08-29T15:46:46Z,2025-08-29T15:23:49Z,LOCAL DRIVER,5/23/2026,266.0,8/19/25,,,,OK,No Data,No Data
281474978666810,1365,3AKJHHDR9NSMX1975,G4BM4TRSZG,766935,768480,2025-08-29T15:43:14Z,2025-08-29T15:15:43Z,,6/5/2026,279.0,7/23/2025,-38.0,,,OK,OVERDUE,No Data
281474978677340,1944,3AKJHHDR2TSWK9005,GY23H3NP68,61943,553492,2025-08-29T15:46:39Z,2025-08-29T15:46:19Z,,3/2/2026,184.0,8/23/25,,,,OK,No Data,No Data
281474978823544,1365A,1FUJGLD5XGLGW1420,,749572,96280,2022-09-02T18:22:11Z,2022-09-02T18:04:39Z,,12/5/2023,-634.0,12/5/2022,-999.0,,,OVERDUE,OVERDUE,No Data
281474979301882,5042,4V4NC9EH6NN298018,,348163,348157,2025-04-18T17:24:22Z,2025-04-18T17:47:26Z,For Sale,7/26/2025,-35.0,12/28/24,,,,OVERDUE,No Data,No Data
281474979304509,5048,4V4NC9EH8NN298019,GFR4FVS6KS,446373,445027,2025-08-29T15:46:37Z,2025-08-29T15:30:25Z,,10/18/2025,49.0,7/30/25,,,,WARNING,No Data,No Data
281474979458904,5014,3AKJHHDRXNSNG7478,GRN6NYNZXT,460360,462012,2025-08-29T15:46:32Z,2025-08-29T15:46:23Z,,10/4/2025,35.0,7/6/25,,,,WARNING,No Data,No Data
281474980002522,5043,4V4NC9EH2NN308608,GRZ8VTT8FU,320281,319734,2025-08-29T15:46:41Z,2025-08-29T15:46:36Z,,10/15/2025,46.0,3/26/2025,-157.0,,,WARNING,OVERDUE,No Data
281474980114586,1437,4V4NC9EH8NN308581,GXZ739WM3W,296755,296741,2025-08-29T15:46:47Z,2025-08-29T15:45:51Z,LOCAL DRIVER,11/03/2025,65.0,4/25/2025,-127.0,,,OK,OVERDUE,No Data
281474980158116,1438,4V4NC9EHXNN308582,GPR49WPAEZ,433317,434967,2025-08-13T00:22:52Z,2025-08-11T23:54:52Z,,12/3/2025,95.0,6/25/2025,-66.0,,,OK,OVERDUE,No Data
281474980224616,5029,4V4NC9EH6NN308580,G3PVDSSVHW,506745,509862,2025-08-29T14:39:39Z,2025-08-29T14:19:16Z,,11/12/2025,74.0,08/07/2025,-23.0,,,OK,OVERDUE,No Data
281474980691606,1450,3AKJHHDR7PSNL7913,GHBVH852BM,291280,291510,2025-08-29T15:46:40Z,2025-08-29T15:44:57Z,LOCAL DRIVER,11/22/2025,84.0,7/19/25,,,,OK,No Data,No Data
281474980694053,1455,3AKJHHDR6PSNL7885,GJ67VFGUZW,293164,292051,2025-08-27T12:17:09Z,2025-08-28T03:25:46Z,,01/28/2026,151.0,04/28/2025,-124.0,,,OK,OVERDUE,No Data
281474980702166,5033,3AKJHHDR6PSNL7899,GZ39AGGHZX,482088,483752,2025-08-29T15:27:01Z,2025-08-29T15:20:50Z,,04/08/2026,221.0,07/19/2025,-42.0,,,OK,OVERDUE,No Data
281474980759919,1453,3AKJHHDR0PSNL7901,,298448,297566,2025-02-28T17:32:08Z,2025-02-28T20:19:06Z,,03/26/2025,-157.0,3/26/2024,-522.0,,,OVERDUE,OVERDUE,No Data
281474980820745,1460,3AKJHHDR3PSNL7911,G2UXRPRVHH,275417,274489,2025-08-29T15:46:28Z,2025-08-29T15:46:16Z,RECOVERY,4/2/2026,215.0,6/5/2025,-86.0,,,OK,OVERDUE,No Data
281474980847622,1441,4V4NC9EH9NN308606,GZ2ZT9PVMA,274395,250658,2025-08-29T15:05:46Z,2025-08-29T15:05:32Z,LOCAL DRIVER,12/19/2025,111.0,7/23/2025,-38.0,,,OK,OVERDUE,No Data
281474980886250,1451,3AKJHHDRXPSNL7906,GWPJKS2W5J,493047,492231,2025-08-29T15:46:54Z,2025-08-29T15:22:29Z,,3/31/2026,213.0,7/2/25,,,,OK,No Data,No Data
281474980940991,1908,3AKJHHDR2SSWC1903,GTVSDEGA5H,71552,354683,2025-08-27T15:04:54Z,2025-08-28T01:15:18Z,,8/21/2026,356.0,8/21/2025,-9.0,,,OK,OVERDUE,No Data
281474980983145,1469,3AKJHHDR8PSNL7886,,338578,336983,2025-04-15T20:46:33Z,2025-04-15T20:54:23Z,For Sale,02/05/2026,159.0,11/23/2024,-280.0,,,OK,OVERDUE,No Data
281474980983455,1470,3AKJHHDR1PSNL7888,,162722,163502,2023-11-29T16:43:16Z,2023-11-28T22:11:09Z,,03/15/2024,-533.0,11/7/2023,-662.0,,,OVERDUE,OVERDUE,No Data
281474981030271,5032,3AKJHHDR0PSNL7946,GPWHVBADGS,431160,432295,2025-08-29T15:46:41Z,2025-08-29T14:36:46Z,,2/5/2026,159.0,7/11/25,,,,OK,No Data,No Data
281474981189295,1481,3AKJHHDR0PSNL7915,G4RZPWSCYA,315663,316814,2025-08-22T13:26:00Z,2025-08-22T23:36:32Z,For Sale,3/6/2026,188.0,7/18/25,,,,OK,No Data,No Data
281474981424002,5034,3AKJHHDR1PSNL7938,G9FK54D2E7,452933,453264,2025-08-18T14:49:50Z,2025-08-19T00:59:57Z,,4/9/2026,222.0,8/7/25,,,,OK,No Data,No Data
281474981424011,5027,3AKJHHDR8PSNL7922,GMEAS7ADUR,428966,429345,2025-08-25T19:46:17Z,2025-08-26T16:51:58Z,,3/26/2026,208.0,5/5/25,,,,OK,No Data,No Data
281474981456670,5046,3AKJHHDR8PSNL7967,GDXVR2M3RV,424819,425027,2025-08-29T15:46:25Z,2025-08-29T15:46:19Z,,6/16/2026,290.0,6/17/25,,,,OK,No Data,No Data
281474981468084,1494,3AKJHHDR4PSNL7920,GJXRRBY7SX,357896,358069,2025-08-29T15:46:34Z,2025-08-29T15:46:17Z,,4/4/2026,217.0,6/10/2025,-81.0,,,OK,OVERDUE,No Data
281474981483803,5017,3AKJHHDR7PSNL7958,,293785,293318,2025-02-05T18:38:41Z,2025-02-18T02:19:56Z,Repairs,4/19/2025,-133.0,4/19/24,,,,OVERDUE,No Data,No Data
281474981503871,5023,3AKJHHDR4PSNL7898,G8NAM4UWNK,459693,461494,2025-08-29T15:46:28Z,2025-08-29T15:46:36Z,,3/31/2026,213.0,6/16/2025,-75.0,,,OK,OVERDUE,No Data
281474981506463,27,1XKYD49X7NJ133245,,24425,13059,2022-08-05T12:40:59Z,2022-08-05T13:16:46Z,,6/17/23,,,,,,No Data,No Data,No Data
281474981535763,1500,3AKJHHDR3PSNL7892,G4ZUFTFZ4P,350756,352164,2025-08-29T15:46:30Z,2025-08-29T15:46:33Z,,1/6/2026,129.0,8/13/25,,,,OK,No Data,No Data
281474981540786,1641,3AKJHHDR7RSUX0765,GC2VZFPDKR,345535,427466,2025-08-29T15:46:42Z,2025-08-29T15:43:44Z,,2/15/2026,169.0,7/24/25,,,,OK,No Data,No Data
281474981577387,1503,3AKJHHDR6PSNL7904,G39KV56MUP,323798,327016,2025-08-29T15:46:48Z,2025-08-29T15:46:39Z,,4/25/2026,238.0,4/25/25,,,,OK,No Data,No Data
281474981577403,1502,3AKJHHDR4PSNL7982,,351665,351698,2025-06-03T16:37:43Z,2025-06-03T18:15:24Z,,3/5/2026,187.0,,,,,OK,No Data,No Data
281474981577431,5024,3AKJHHDR0PSNL7932,GDN6P4BAN8,461929,463224,2025-08-29T15:46:52Z,2025-08-29T15:46:16Z,,3/17/2026,199.0,6/18/25,,,,OK,No Data,No Data
281474981597424,5036,3AKJHHDR0PSNL7963,GFR6DARU25,291945,292893,2025-08-29T15:46:30Z,2025-08-29T15:45:08Z,,4/10/2026,223.0,6/23/25,,,,OK,No Data,No Data
281474981601361,1510,3AKJHHDR6PSNL7918,GX8GBTCAS5,365117,366283,2025-08-28T18:43:15Z,2025-08-28T21:52:35Z,,3/10/2026,192.0,7/24/25,,,,OK,No Data,No Data
281474981626630,5030,3AKJHHDR1PSNL7955,,405867,407821,2025-08-27T15:53:28Z,2025-08-27T18:24:18Z,For Sale,5/1/2026,244.0,6/24/25,,,,OK,No Data,No Data
281474981626646,1509,3AKJHHDR8PSNL7905,G45V3AG2VX,526633,527288,2025-08-29T14:45:44Z,2025-08-29T14:47:27Z,,3/19/2026,201.0,8/19/25,,,,OK,No Data,No Data
281474981645680,1506,3AKJHHDR9PSNL7914,,350956,354686,2025-03-04T15:56:18Z,2025-03-04T17:26:14Z,For Sale,4/25/2025,-127.0,1/13/25,,,,OVERDUE,No Data,No Data
281474981650615,1508,3AKJHHDR3PSNL7956,,318431,319247,2025-04-09T20:34:42Z,2025-04-09T20:35:02Z,,3/12/2026,194.0,1/8/25,,,,OK,No Data,No Data
281474981823102,1532,4V4NC9EH5PN323851,G544CS37C2,379589,379009,2025-08-28T21:24:37Z,2025-08-29T07:34:43Z,,2/27/2026,181.0,5/8/25,,,,OK,No Data,No Data
281474981848876,1531,4V4NC9EH3PN323850,GFG23G9Y2N,299880,298598,2025-08-29T15:46:36Z,2025-08-29T15:46:30Z,,4/25/2026,238.0,6/23/25,,,,OK,No Data,No Data
281474981851542,1445,4V4NC9EJ1JN999188,GHBC8NH22R,637842,329931,2025-08-29T01:02:07Z,2025-08-29T11:12:41Z,,5/12/2026,255.0,5/12/2025,-110.0,,,OK,OVERDUE,No Data
281474982051945,1529,3AKJHHDR5PSNV2104,G6TMK8KV9T,303587,304809,2025-08-29T15:46:29Z,2025-08-29T15:46:26Z,,7/11/2026,315.0,7/11/25,,,,OK,No Data,No Data
281474982162149,1534,3AKJHHDR5PSNV2099,GH7BTJ4UAF,285012,285990,2025-08-29T15:46:30Z,2025-08-29T15:37:58Z,LOCAL DRIVER,5/3/2026,246.0,6/14/2025,-77.0,,,OK,OVERDUE,No Data
281474982197981,1535,3AKJHHDR3PSNV2103,,322765,320546,2025-07-21T12:48:05Z,2025-07-21T13:09:55Z,SOLD,6/10/2026,284.0,6/10/25,,,,OK,No Data,No Data
281474982198030,1536,1FUJHHDR8PLNV2111,,351207,350176,2025-07-22T13:53:46Z,2025-07-22T17:04:53Z,For Sale,4/7/2026,220.0,4/7/25,,,,OK,No Data,No Data
281474982367470,1566,4V4NC9EH0PN323871,,307757,307578,2025-06-17T14:25:27Z,2025-06-10T20:03:15Z,,8/12/2025,-18.0,4/30/25,,,,OVERDUE,No Data,No Data
281474982459056,1567,4V4NC9EH2PN323869,GUJ96SXV8H,344068,343588,2025-08-29T10:47:32Z,2025-08-29T14:12:05Z,,5/5/2026,248.0,5/5/25,,,,OK,No Data,No Data
281474982539333,5026,4V4NC9EH0PN323854,G8UFB68XZU,384002,384066,2025-08-29T15:46:28Z,2025-08-29T15:46:43Z,,6/21/2026,295.0,7/7/25,,,,OK,No Data,No Data
281474982596658,1538,3AKJHHDR6PSNV2094,GWVCGDREEU,318012,319427,2025-08-22T22:10:25Z,2025-08-23T08:20:32Z,,5/13/2026,256.0,05/13/2025,-109.0,,,OK,OVERDUE,No Data
281474982597066,1539,3AKJHHDRXPSNV2101,GK24D2T3PB,282731,283122,2025-08-21T17:24:29Z,2025-08-20T15:06:16Z,Warranty,10/11/2025,42.0,7/23/25,,,,WARNING,No Data,No Data
281474982637996,1573,4V4NC9EH0PN323868,G5REWWSXSD,303648,303479,2025-08-29T15:01:11Z,2025-08-13T04:14:49Z,,6/24/2026,298.0,8/1/25,,,,OK,No Data,No Data
281474982767074,1572,4V4NC9EH7PN323852,,262844,262656,2025-06-20T18:24:43Z,2025-06-20T16:52:31Z,,6/20/2026,294.0,6/20/25,,,,OK,No Data,No Data
281474982788989,1569,4V4NC9EH9PN323853,,330698,328361,2025-05-28T19:42:30Z,2025-05-28T20:52:21Z,,8/21/2025,-9.0,4/24/25,,,,OVERDUE,No Data,No Data
281474982903290,1575,4V4NC9EH2PN323855,G3CAVBCWR2,342978,342266,2025-08-29T15:46:48Z,2025-08-29T15:46:02Z,,7/21/2026,325.0,6/17/2025,-74.0,,,OK,OVERDUE,No Data
281474982931474,1558,1FUJHHDR5PLNV2115,,356721,355058,2025-07-31T19:59:40Z,2025-07-31T20:27:37Z,For Sale,6/24/2026,298.0,6/25/2025,-66.0,,,OK,OVERDUE,No Data
281474982931713,5045,1FUJHHDR2PLNV2119,GKVZYTRPBG,383909,383149,2025-08-13T12:39:56Z,2025-08-14T23:35:35Z,,7/17/2026,321.0,4/26/25,,,,OK,No Data,No Data
281474982943853,1553,3AKJHHDR1PSNV2102,,284657,285105,2025-04-16T12:32:18Z,2025-04-16T14:03:20Z,,9/7/2025,8.0,4/8/25,,,,CRITICAL,No Data,No Data
281474982980445,1547,3AKJHHDR0PSNV2091,GNP35B97M7,202870,203797,2025-08-25T18:10:19Z,2025-08-26T04:21:10Z,,9/18/2025,19.0,7/21/25,,,,CRITICAL,No Data,No Data
281474983109036,1591,4V4NC9EH8PN323875,GMPYST3CUP,273590,273469,2025-08-29T12:20:30Z,2025-08-29T12:05:40Z,,7/30/2026,334.0,7/28/25,,,,OK,No Data,No Data
281474983111952,1595,4V4NC9EH4PN323873,GRPEDJ2D9F,330341,329700,2025-08-21T22:39:46Z,2025-08-22T08:50:33Z,For Sale,8/1/2026,336.0,5/21/2025,-101.0,,,OK,OVERDUE,No Data
281474983157613,1602,4V4NC9EH1PN323880,GPKNDRKYAV,305849,306561,2025-08-26T12:51:46Z,2025-08-23T17:43:51Z,,11/15/2025,77.0,4/17/25,,,,OK,No Data,No Data
281474983170595,1592,4V4NC9EH3PN323878,GZ4RW28WA4,378549,378798,2025-08-28T21:27:18Z,2025-08-29T07:37:42Z,,9/9/2025,10.0,7/9/25,,,,CRITICAL,No Data,No Data
281474983170709,5028,4V4NC9EH1PN323877,GWVZFJBRUY,421381,420913,2025-08-29T15:45:48Z,2025-08-29T15:45:56Z,,10/4/2025,35.0,4/25/2025,-127.0,,,WARNING,OVERDUE,No Data
281474983221368,1576,1FUJHHDR4PLNV2140,,287509,287591,2025-06-19T04:30:15Z,2025-06-19T04:30:36Z,Repairs,10/2/2025,33.0,11/14/2024,-289.0,,,WARNING,OVERDUE,No Data
281474983240424,1579,1FUJHHDR1PLNV2144,,297676,299123,2025-04-21T17:17:11Z,2025-04-21T18:33:00Z,For Sale,10/16/2025,47.0,1/13/25,,,,WARNING,No Data,No Data
281474983257826,1580,1FUJHHDR7PLNV2147,GABGWTWY89,397029,397740,2025-08-29T14:58:37Z,2025-08-29T07:27:50Z,For Sale,9/24/2025,25.0,4/26/25,,,,CRITICAL,No Data,No Data
281474983298051,1582,1FUJHHDR7PLNV2150,GJFEVJ5GED,325661,325770,2025-08-29T15:26:53Z,2025-08-29T13:04:41Z,,10/7/2025,38.0,5/22/25,,,,WARNING,No Data,No Data
281474983298198,1588,1FUJHHDR4PLNV2168,GKCWGFTXD8,320349,318165,2025-08-29T15:46:54Z,2025-08-28T02:19:14Z,,3/6/2026,188.0,8/19/25,,,,OK,No Data,No Data
281474983298416,1585,1FUJHHDR2PLNV2167,,310468,310213,2025-07-30T18:09:22Z,2025-07-30T18:18:50Z,,11/1/2025,63.0,5/20/25,,,,OK,No Data,No Data
281474983299362,1607,4V4NC9EH3PN323881,,238324,238072,2024-09-06T19:33:40Z,2024-09-06T21:14:22Z,For Sale,9/9/2025,10.0,5/16/24,,,,CRITICAL,No Data,No Data
281474983300325,1561,1FUJHHDR9PLNV2120,GNK3PESWME,303052,302114,2025-08-29T14:20:18Z,2025-08-29T14:15:25Z,Available,6/26/2026,300.0,6/26/25,,,,OK,No Data,No Data
281474983312883,1577,1FUJHHDR8PLNV2142,GRSBJ8JB42,349124,349474,2025-08-25T16:56:25Z,2025-08-26T03:06:11Z,,10/17/2025,48.0,7/3/25,,,,WARNING,No Data,No Data
281474983334243,1590,1FUJHHDR5PLNV2177,GCYNZV6ZY5,351521,353108,2025-08-29T15:46:54Z,2025-08-29T15:45:45Z,,11/11/2025,73.0,6/13/2025,-78.0,,,OK,OVERDUE,No Data
281474983354048,5035,1FUJHHDR7PLNV2164,G3P3X2BWFM,355579,347167,2025-08-29T15:44:56Z,2025-08-29T15:24:36Z,,10/26/2025,57.0,6/18/25,,,,WARNING,No Data,No Data
281474983354072,1596,1FUJHHDR8PLNV2139,GKWJ9AFH5Z,320368,319835,2025-08-29T15:46:32Z,2025-08-29T15:46:42Z,Warranty,10/26/2025,57.0,8/8/25,,,,WARNING,No Data,No Data
281474983406677,1599,1FUJHHDR6PLNV2141,,54,1,2023-01-19T22:30:53Z,2023-01-19T22:30:53Z,,12/2/2023,-637.0,,,,,OVERDUE,No Data,No Data
281474983411640,1605,1FUJHHDR9PLNV2148,,300625,298983,2025-01-27T22:08:50Z,2025-01-28T08:19:22Z,For Sale,9/26/2025,27.0,1/13/25,,,,CRITICAL,No Data,No Data
281474983412108,5040,4V4NC9EH5PN323882,GSBY325VKN,364308,362636,2025-08-29T15:46:42Z,2025-08-29T15:29:40Z,,9/6/2025,7.0,6/3/25,,,,CRITICAL,No Data,No Data
281474983414451,1600,1FUJHHDR3PLNV2145,,754,1,2023-01-24T18:41:50Z,2023-01-24T18:42:13Z,,11/29/2023,-640.0,,,,,OVERDUE,No Data,No Data
281474983414459,1584,1FUJHHDR9PLNV2165,G7XEBE3Z6Y,318120,325379,2025-08-25T19:52:41Z,2025-08-26T06:03:24Z,,1/13/2026,136.0,7/19/25,,,,OK,No Data,No Data
281474983420115,1430,3AKJHHDR6NSMX1951,,395819,255864,2025-07-29T13:55:49Z,2025-07-14T04:40:23Z,Available,3/4/2026,186.0,6/6/2025,-85.0,,,OK,OVERDUE,No Data
281474983606842,1610,4V4NC9EH6PN323857,GAVS6TG29P,341091,340930,2025-08-14T16:47:46Z,2025-08-15T02:58:01Z,For Sale,11/14/2025,76.0,6/23/2025,-68.0,,,OK,OVERDUE,No Data
281474983630444,1611,4V4NC9EH0PN323885,G48GHAA9K2,295127,294441,2025-08-27T19:17:23Z,2025-08-28T23:07:40Z,Repairs,10/4/2025,35.0,7/2/25,,,,WARNING,No Data,No Data
281474983701259,1618,1FUJHHDR9PLNV2151,GVFPTXACE5,345693,346605,2025-08-29T15:38:39Z,2025-08-29T15:34:22Z,,11/23/2025,85.0,7/31/25,,,,OK,No Data,No Data
281474983707746,1621,1FUJHHDRXPLNV2160,GYK42C6CVH,350967,350288,2025-08-29T15:16:48Z,2025-08-29T15:13:57Z,,11/9/2025,71.0,5/24/25,,,,OK,No Data,No Data
281474983709241,1620,1FUJHHDR8PLNV2156,GA6VJKEX66,328334,328120,2025-08-29T15:46:43Z,2025-08-29T14:07:26Z,LOCAL DRIVER,11/22/2025,84.0,2/26/25,,,,OK,No Data,No Data
281474983776381,5059,4V4NC9EH4PN323856,GHM3VFXXCU,360987,359789,2025-08-21T19:30:55Z,2025-08-22T05:41:24Z,,2/28/2026,182.0,7/9/25,,,,OK,No Data,No Data
281474984082574,1624,4V4NC9EH6PN323874,GHNHB39H6X,389286,388992,2025-08-28T20:41:47Z,2025-08-29T06:51:59Z,,11/18/2025,80.0,6/20/25,,,,OK,No Data,No Data
281474984111463,1623,4V4NC9EH2PN323886,GPNSUVHK8Z,293348,292796,2025-08-29T15:46:10Z,2025-08-29T15:44:12Z,LOCAL DRIVER,12/16/2025,108.0,11/4/24,,,,OK,No Data,No Data
281474984157599,1622,3AKJHHDR5SSWC1913,,63,233571,2025-03-18T19:33:20Z,2025-03-18T16:28:31Z,Totaled,9/16/2025,17.0,12/23/24,,,,CRITICAL,No Data,No Data
281474984384125,1625,4V4NC9EHXPN323876,G2PUPXZVT2,335842,334542,2025-08-27T14:30:04Z,2025-08-27T22:39:44Z,,11/21/2025,83.0,7/26/25,,,,OK,No Data,No Data
281474984425260,1615,1FUJHHDR3PLNV2159,,250871,255466,2025-05-06T21:11:44Z,2025-05-07T21:41:59Z,,9/23/2025,24.0,3/19/25,,,,CRITICAL,No Data,No Data
281474984437861,550,1FUJHHDR4PLNV2137,GTUMVK27KM,579545,534752,2025-08-29T15:46:30Z,2025-08-29T15:12:32Z,,5/10/2026,253.0,7/23/25,,,,OK,No Data,No Data
281474984557023,1542,1FUJHHDR0PLNV2118,,311364,311437,2025-07-22T14:11:27Z,2025-07-22T14:11:37Z,,2/3/2025,-208.0,12/7/24,,,,OVERDUE,No Data,No Data
281474984662204,1555,3AKJHHDR0PSNV2107,G4DK8JTBNX,262894,263197,2025-08-26T12:48:12Z,2025-08-23T18:10:44Z,,10/3/2025,34.0,8/20/25,,,,WARNING,No Data,No Data
281474984662225,1551,3AKJHHDRXPSNV2096,GFKGSAMAYN,292772,293735,2025-08-25T21:28:49Z,2025-08-25T21:59:31Z,,5/21/2026,264.0,8/5/25,,,,OK,No Data,No Data
281474984925510,501,3AKJHHDR7PSNV2203,GMNXHSGCNY,411089,410944,2025-08-29T12:27:42Z,2025-08-29T12:15:57Z,,2/11/2026,165.0,8/1/2025,-29.0,,,OK,OVERDUE,No Data
281474984990601,1643,3AKJHHDR2RSUX0771,GUFSFNB6BH,331381,337081,2025-08-29T15:46:40Z,2025-08-29T15:46:37Z,,1/29/2026,152.0,8/9/25,,,,OK,No Data,No Data
281474985073059,503,3AKJHHDR0PSNV2205,G9A6TJRM6R,375569,375692,2025-08-29T14:32:37Z,2025-08-29T14:15:20Z,,2/27/2026,181.0,7/17/2025,-44.0,,,OK,OVERDUE,No Data
281474985239485,1626,3AKJHHDR6RSUX0756,GTJXJU6YCX,321918,321179,2025-08-29T15:41:09Z,2025-08-29T15:40:33Z,,5/5/2026,248.0,8/26/25,,,,OK,No Data,No Data
281474985449244,1645,3AKJHHDRXRSUX0775,G6Y68E5PS4,335389,335383,2025-08-29T15:30:59Z,2025-08-29T05:47:14Z,,2/13/2026,167.0,7/22/25,,,,OK,No Data,No Data
281474985449660,1639,3AKJHHDR1RSUX0762,GUTKEK765H,304502,304747,2025-08-29T15:42:42Z,2025-08-29T01:44:49Z,,2/28/2026,182.0,8/15/25,,,,OK,No Data,No Data
281474985462400,1636,3AKJHHDR4RSUX0769,GX2RN6SBRG,246934,247791,2025-08-29T15:46:43Z,2025-08-29T15:45:56Z,,4/26/2026,239.0,4/25/25,,,,OK,No Data,No Data
281474985492603,1630,3AKJHHDR8RSUX0760,GM2ST2C3MM,258174,258640,2025-08-29T15:07:42Z,2025-08-29T14:42:10Z,,2/13/2026,167.0,7/21/25,,,,OK,No Data,No Data
281474985494897,1637,3AKJHHDR6RSUX0773,GUDKCJFSVH,283393,284218,2025-08-29T14:50:02Z,2025-08-29T14:45:42Z,,4/7/2026,220.0,8/9/25,,,,OK,No Data,No Data
281474985497922,1629,3AKJHHDR1RSUX0759,G5B3BTZMMS,350530,351639,2025-08-29T15:46:32Z,2025-08-29T15:45:29Z,,2/27/2026,181.0,8/8/25,,,,OK,No Data,No Data
281474985510256,1634,3AKJHHDR2RSUX0768,GPX4A6XDYP,303984,304681,2025-08-22T20:35:34Z,2025-08-23T06:46:18Z,,2/12/2026,166.0,7/21/25,,,,OK,No Data,No Data
281474985529121,1635,3AKJHHDR0RSUX0767,GA7KGKP5JD,306544,305989,2025-08-29T15:46:28Z,2025-08-29T15:45:50Z,,3/6/2026,188.0,6/24/25,,,,OK,No Data,No Data
281474985628032,1648,4V4NC9EH5RN641083,G8WYVZFJ74,282426,279583,2025-08-29T15:46:34Z,2025-08-29T15:28:40Z,,3/24/2026,206.0,7/25/25,,,,OK,No Data,No Data
281474985693052,1646,4V4NC9EHXRN641080,G5RWYKW3PM,302156,302975,2025-08-29T15:46:41Z,2025-08-29T15:45:42Z,,5/2/2026,245.0,7/7/25,,,,OK,No Data,No Data
281474985715348,1649,4V4NC9EH7RN641084,GX29RXMV5E,307070,306144,2025-08-29T15:46:55Z,2025-08-29T15:45:53Z,LOCAL DRIVER,3/28/2026,210.0,6/3/25,,,,OK,No Data,No Data
281474985811681,1652,4V4NC9EH1RN641081,GZHRUC2CU8,299050,298951,2025-08-29T15:46:51Z,2025-08-29T15:45:42Z,,3/14/2026,196.0,7/26/25,,,,OK,No Data,No Data
281474985872350,1656,4V4NC9EH2RN641090,GN8N9ARRZ2,248053,248224,2025-08-29T15:46:33Z,2025-08-29T15:45:52Z,LOCAL DRIVER,4/4/2026,217.0,1/20/25,,,,OK,No Data,No Data
281474985881378,1655,4V4NC9EH6RN641092,GUHNXNG7RW,295416,294938,2025-08-29T15:46:49Z,2025-08-29T15:43:56Z,,2/24/2026,178.0,8/20/25,,,,OK,No Data,No Data
281474985981976,1660,3AKJHHDR5RSUX0778,GY4P79C3AS,313718,312401,2025-08-29T11:49:02Z,2025-08-29T10:02:04Z,Available,4/3/2026,216.0,7/28/25,,,,OK,No Data,No Data
281474986001054,1659,3AKJHHDR3RSUX0777,GUNU7YVUCF,240265,241085,2025-08-29T15:46:36Z,2025-08-29T15:45:41Z,,4/22/2026,235.0,8/11/25,,,,OK,No Data,No Data
281474986002020,1663,3AKJHHDR5RSUX0781,GMWGDFH546,204020,206763,2025-08-28T20:31:31Z,2025-08-29T06:41:44Z,,3/3/2026,185.0,1/21/25,,,,OK,No Data,No Data
281474986002193,1658,3AKJHHDR1RSUX0776,GYKWYD29BV,286162,285547,2025-08-29T15:00:21Z,2025-08-29T14:55:35Z,,4/30/2026,243.0,7/24/25,,,,OK,No Data,No Data
281474986002339,1662,3AKJHHDR3RSUX0780,GXGXP5YDRP,276381,276344,2025-08-29T05:43:12Z,2025-08-29T05:36:10Z,Assigned,4/7/2026,220.0,6/11/25,,,,OK,No Data,No Data
281474986002693,1665,3AKJHHDR9RSUX0783,GVFV9W98KV,297497,296187,2025-08-29T15:46:03Z,2025-08-29T15:25:34Z,,5/5/2026,248.0,6/5/25,,,,OK,No Data,No Data
281474986026417,1661,3AKJHHDR7RSUX0779,GK46HKG2H7,326689,327256,2025-08-29T15:27:43Z,2025-08-29T15:25:11Z,,4/16/2026,229.0,8/15/25,,,,OK,No Data,No Data
281474986027075,1667,3AKJHHDR2RSUX0785,G92NJV2RN2,40427,39133,2025-08-14T13:26:56Z,2025-08-14T23:37:49Z,Available,6/17/2026,291.0,9/29/23,,,,OK,No Data,No Data
281474986052426,1664,3AKJHHDR7RSUX0782,GHG7NRTUTT,278373,279141,2025-08-29T02:04:32Z,2025-08-29T12:14:37Z,,5/14/2026,257.0,8/21/25,,,,OK,No Data,No Data
281474986052451,1666,3AKJHHDR0RSUX0784,GSHXJ2RTZN,276429,276660,2025-08-29T15:46:39Z,2025-08-29T15:45:22Z,,4/16/2026,229.0,4/16/25,,,,OK,No Data,No Data
281474986098645,5050,4V4NC9EH4RN641091,G9BWSXJJPE,313429,313912,2025-08-29T00:59:54Z,2025-08-29T00:53:20Z,,2/17/2026,171.0,6/30/25,,,,OK,No Data,No Data
281474986098882,1653,4V4NC9EH1RN641078,GC999GD8US,299042,298525,2025-08-29T15:46:55Z,2025-08-29T15:45:39Z,,2/7/2026,161.0,06/26,,,,OK,No Data,No Data
281474986155746,1672,4V4NC9EH9RN641099,GRAURRAYCB,246704,246904,2025-08-29T15:46:36Z,2025-08-29T15:45:50Z,,4/16/2026,229.0,6/10/25,,,,OK,No Data,No Data
281474986160419,1669,4V4NC9EH5RN641097,GXE8TJVHXA,346072,346545,2025-08-01T18:36:07Z,2025-08-01T18:36:30Z,,5/15/2026,258.0,5/15/25,,,,OK,No Data,No Data
281474986171086,1671,4V4NC9EH7RN641098,G8BCBZ9DVA,326021,325179,2025-08-29T15:46:41Z,2025-08-29T15:45:42Z,,3/28/2026,210.0,7/24/25,,,,OK,No Data,No Data
281474986171125,1673,4V4NC9EH1RN641100,,306741,306133,2025-06-17T12:20:24Z,2025-06-17T01:00:41Z,For Sale,3/31/2026,213.0,3/14/25,,,,OK,No Data,No Data
281474986250745,1668,4V4NC9EH3RN641096,GF8GGXXZJR,283328,283031,2025-08-25T21:33:42Z,2025-08-25T21:34:34Z,,5/9/2026,252.0,8/23/25,,,,OK,No Data,No Data
281474986477751,1657,4V4NC9EHXRN641094,G6UW988GY6,324906,324441,2025-08-29T14:52:04Z,2025-08-29T14:47:49Z,,4/8/2026,221.0,7/17/25,,,,OK,No Data,No Data
281474986530521,1674,3AKJHHDR5RSUX0800,GVU6CB5W33,230571,231259,2025-08-29T15:44:53Z,2025-08-29T15:45:04Z,,6/6/2026,280.0,8/8/25,,,,OK,No Data,No Data
281474986559722,1675,3AKJHHDR7RSUX0801,GKCKZY3SPN,320482,316227,2025-08-29T15:46:49Z,2025-08-29T15:44:46Z,,5/9/2026,252.0,7/30/25,,,,OK,No Data,No Data
281474986561060,1677,3AKJHHDR0RSUX0803,G3W2BA9Y5A,281036,281317,2025-08-29T15:46:43Z,2025-08-29T15:43:39Z,,6/3/2026,277.0,6/3/25,,,,OK,No Data,No Data
281474986570212,1683,3AKJHHDR4RSUX0805,G5734AWWRZ,323686,323950,2025-08-29T15:17:44Z,2025-08-29T15:01:49Z,Assigned,5/13/2026,256.0,8/8/25,,,,OK,No Data,No Data
281474986570226,1676,3AKJHHDR9RSUX0802,GJF29YH45X,291538,291666,2025-08-29T15:11:48Z,2025-08-29T14:43:55Z,,5/15/2026,258.0,7/28/25,,,,OK,No Data,No Data
281474986607616,1682,3AKJHHDR2RSUX0804,GTV3RXPTEM,295782,296902,2025-08-29T15:46:39Z,2025-08-29T14:06:22Z,,5/19/2026,262.0,7/30/25,,,,OK,No Data,No Data
281474986607770,1679,3AKJHHDR9RSUX0797,G4737ESRZM,245535,245127,2025-08-29T15:39:28Z,2025-08-29T15:37:56Z,,6/26/2026,300.0,8/22/25,,,,OK,No Data,No Data
281474986610580,5044,3AKJHHDR7RSUX0796,GEVH3EUZCZ,354095,354082,2025-08-29T14:31:47Z,2025-08-29T14:00:49Z,,7/26/2026,330.0,7/26/25,,,,OK,No Data,No Data
281474986624579,1680,3AKJHHDR0RSUX0798,GGNPYN8BZN,329233,327390,2025-08-29T15:16:33Z,2025-08-29T14:45:18Z,,5/7/2026,250.0,5/27/25,,,,OK,No Data,No Data
281474986723203,1651,4V4NC9EH8RN641093,GZRFPJ5W9E,325785,325980,2025-08-29T15:09:18Z,2025-08-29T14:12:09Z,,2/10/2026,164.0,6/14/2025,-77.0,,,OK,OVERDUE,No Data
281474986742329,1690,3AKJHHDR1RSUX0812,G3UDHX9GYM,301995,300448,2025-08-29T15:46:35Z,2025-08-29T15:45:55Z,,5/22/2026,265.0,8/21/25,,,,OK,No Data,No Data
281474986759709,1689,3AKJHHDRXRSUX0811,GCTRD79AHD,268469,267661,2025-08-29T15:00:51Z,2025-08-29T14:49:44Z,,7/3/2026,307.0,7/30/25,,,,OK,No Data,No Data
281474986780430,1692,3AKJHHDR5RSUX0814,GABJF954XA,279096,279371,2025-08-29T15:46:42Z,2025-08-29T15:36:17Z,,6/27/2026,301.0,8/26/25,,,,OK,No Data,No Data
281474986780482,5041,3AKJHHDR8RSUX0810,GBSVPYT7VG,348484,346522,2025-08-29T13:50:33Z,2025-08-29T13:11:01Z,,7/29/2026,333.0,06/21,,,,OK,No Data,No Data
281474986916039,1686,3AKJHHDRXRSUX0808,G9XJ5UW3UW,216978,215971,2025-08-29T15:46:35Z,2025-08-29T15:11:18Z,,2/13/2026,167.0,7/15/2025,-46.0,,,OK,OVERDUE,No Data
281474986916047,5047,3AKJHHDR1RSUX0809,GWCUZK5DFC,298972,298357,2025-08-29T15:46:29Z,2025-08-29T15:45:29Z,,1/30/2026,153.0,8/1/25,,,,OK,No Data,No Data
281474986985236,1691,3AKJHHDR3RSUX0813,GYHN7M56ZN,287750,287860,2025-08-29T14:03:20Z,2025-08-29T08:43:43Z,Available,5/20/2026,263.0,8/25/25,,,,OK,No Data,No Data
281474986985243,1685,3AKJHHDR8RSUX0807,GA2UPWP7JW,95532,103537,2024-12-10T16:52:28Z,2024-12-10T18:11:42Z,,3/29/2025,-154.0,03/29/24,,,,OVERDUE,No Data,No Data
281474987019056,1698,4V4NC9EH6RN641108,,384824,384110,2025-07-09T17:57:34Z,2025-07-08T19:22:32Z,SOLD,7/9/2026,313.0,7/9/2025,-52.0,,,OK,OVERDUE,No Data
281474987025837,1697,4V4NC9EH4RN641107,GHRNDA3662,306400,305789,2025-08-29T15:46:52Z,2025-08-29T07:34:13Z,,6/5/2026,279.0,6/5/2025,-86.0,,,OK,OVERDUE,No Data
281474987025955,1696,4V4NC9EH2RN641106,GXW9BXGPBC,289333,288580,2025-08-27T18:21:10Z,2025-08-27T18:36:16Z,,3/31/2026,213.0,6/18/25,,,,OK,No Data,No Data
281474987038305,1701,3AKJHHDR9RSUX0816,GR9GWYREH7,320007,319833,2025-08-18T15:57:12Z,2025-08-18T15:57:45Z,,3/27/2026,209.0,7/1/25,,,,OK,No Data,No Data
281474987081814,1710,3AKJHHDRXRSUX0825,GWSS8FGFBM,265609,263774,2025-08-29T15:32:51Z,2025-08-29T15:32:00Z,,3/31/2026,213.0,8/9/25,,,,OK,No Data,No Data
281474987096255,1706,3AKJHHDR2RSUX0821,GXYP4RFCDW,296196,296728,2025-08-29T15:46:28Z,2025-08-29T15:33:11Z,,1/10/2026,133.0,8/29/2025,-1.0,,,OK,OVERDUE,No Data
281474987096280,1699,4V4NC9EH8RN641109,G78JCJG89N,337280,336522,2025-08-29T15:23:39Z,2025-08-29T14:40:57Z,,6/9/2026,283.0,7/24/25,,,,OK,No Data,No Data
281474987123905,1707,3AKJHHDR4RSUX0822,GW9GSHBW4Z,296944,297879,2025-08-29T15:46:53Z,2025-08-29T15:45:36Z,,3/3/2026,185.0,6/30/25,,,,OK,No Data,No Data
281474987123908,1702,3AKJHHDR0RSUX0817,GZZNKN2R7A,220157,218734,2025-08-29T15:46:39Z,2025-08-29T15:45:37Z,,1/9/2026,132.0,5/28/25,,,,OK,No Data,No Data
281474987126435,1705,3AKJHHDR0RSUX0820,G7CUYG6UMT,273182,271189,2025-08-29T15:46:56Z,2025-08-29T15:45:47Z,,2/25/2026,179.0,5/13/25,,,,OK,No Data,No Data
281474987138464,1704,3AKJHHDR4RSUX0819,GNB25YV3NP,329928,328524,2025-08-29T15:46:57Z,2025-08-29T15:45:38Z,,3/21/2026,203.0,7/16/25,,,,OK,No Data,No Data
281474987182454,1694,4V4NC9EH9RN641104,G65EPRHXMT,267670,272200,2025-08-29T15:46:34Z,2025-08-29T15:45:47Z,Available,7/10/2026,314.0,8/11/25,,,,OK,No Data,No Data
281474987184034,1695,4V4NC9EH0RN641105,GXH2CGKXJG,360567,359864,2025-08-28T19:59:06Z,2025-08-29T07:02:53Z,For Sale,5/8/2026,251.0,8/4/25,,,,OK,No Data,No Data
281474987184960,1708,3AKJHHDR6RSUX0823,GZWCKRGDCP,339745,339736,2025-08-28T15:54:12Z,2025-08-28T16:21:54Z,,4/14/2026,227.0,6/26/25,,,,OK,No Data,No Data
281474987204056,1700,4V4NC9EH4RN641110,GEG4MUJYDX,300030,299834,2025-08-29T15:46:49Z,2025-08-29T14:28:03Z,Assigned,6/19/2026,293.0,7/23/2025,-38.0,,,OK,OVERDUE,No Data
281474987223823,5039,3AKJHHDR8RSUX0824,GX8EYZ7T6H,262815,263860,2025-08-22T15:54:21Z,2025-08-23T02:04:47Z,For Sale,5/30/2026,273.0,7/1/25,,,,OK,No Data,No Data
281474987238485,1714,3AKJHHDRXRSUX0839,GPAZD3TJUU,210967,211348,2025-06-03T16:24:42Z,2025-06-04T16:28:25Z,TOWING FACILITY,4/24/2026,237.0,4/24/25,,,,OK,No Data,No Data
281474987337675,1712,3AKJHHDR6RSUX0837,G6B7D6HTDB,270980,269444,2025-08-29T15:46:53Z,2025-08-29T15:45:52Z,,05/06/2026,249.0,7/15/25,,,,OK,No Data,No Data
281474987362142,1734,3AKJHHDR5RSUX0859,GR4MHVBRA5,252659,251702,2025-08-29T15:46:38Z,2025-08-29T15:45:32Z,Available,5/21/2026,264.0,8/9/25,,,,OK,No Data,No Data
281474987411834,1716,3AKJHHDR8RSUX0841,,208371,208675,2025-02-28T17:43:42Z,2025-02-28T20:03:57Z,,9/9/2025,10.0,11/8/24,,,,CRITICAL,No Data,No Data
281474987475004,1755,4V4NC9EH2RN652591,GUJW79NHKB,220245,220275,2025-08-29T15:46:36Z,2025-08-29T15:45:50Z,,9/30/2025,31.0,7/14/25,,,,WARNING,No Data,No Data
281474987481411,1752,4V4NC9EH2RN652588,G3MWWY7H9D,318531,318005,2025-08-29T15:46:43Z,2025-08-29T15:45:57Z,,9/25/2025,26.0,6/16/2025,-75.0,,,CRITICAL,OVERDUE,No Data
281474987481465,1753,4V4NC9EH4RN652589,GRHMXXH2MW,335280,333827,2025-08-29T15:46:44Z,2025-08-29T15:45:31Z,,06/28/2026,302.0,6/29/2025,-62.0,,,OK,OVERDUE,No Data
281474987481489,1751,4V4NC9EH0RN652587,GUMNKA8MYY,154429,156487,2025-08-27T13:56:03Z,2025-08-28T17:06:06Z,,3/14/2026,196.0,6/30/2025,-61.0,,,OK,OVERDUE,No Data
281474987513774,1754,4V4NC9EH0RN652590,G6NM6FG4F3,297424,296886,2025-08-29T15:46:50Z,2025-08-29T15:44:06Z,,08/06/2026,341.0,5/2/25,,,,OK,No Data,No Data
281474987514711,1922,3AKJHHDR0TSWK8984,GFKA2Z4SEY,64617,283513,2025-08-29T15:46:36Z,2025-08-29T15:35:09Z,,3/21/2026,203.0,8/26/25,,,,OK,No Data,No Data
281474987600210,5001,3AKJHHDR4RSUX0853,GBM2HX6W55,360421,359959,2025-08-29T15:46:30Z,2025-08-29T15:45:57Z,,4/29/2026,242.0,8/25/2025,-5.0,,,OK,OVERDUE,No Data
281474987604314,1723,3AKJHHDR0RSUX0848,GXH8ZN6AKB,260138,260637,2025-08-29T14:50:46Z,2025-08-29T14:02:07Z,,4/17/2026,230.0,8/25/25,,,,OK,No Data,No Data
281474987616739,1730,3AKJHHDR8RSUX0855,GW354R99CN,252143,252164,2025-08-25T13:13:21Z,2025-08-25T13:13:21Z,Available,5/9/2026,252.0,5/9/25,,,,OK,No Data,No Data
281474987616771,5002,3AKJHHDR9RSUX0847,G25KUSGTVA,342448,341980,2025-08-29T14:37:09Z,2025-08-29T14:41:18Z,,7/14/2026,318.0,8/8/2025,-22.0,,,OK,OVERDUE,No Data
281474987618924,1724,3AKJHHDR2RSUX0849,GEKENGWDKN,244550,245018,2025-08-29T15:46:35Z,2025-08-29T15:45:47Z,,5/12/2026,255.0,5/12/25,,,,OK,No Data,No Data
281474987631846,1725,3AKJHHDR9RSUX0850,GGS3MY3GDD,274952,274941,2025-08-29T15:46:49Z,2025-08-29T14:44:03Z,,6/25/2026,299.0,5/30/25,,,,OK,No Data,No Data
281474987656892,1727,3AKJHHDR2RSUX0852,GFXFA2WEJK,267445,267878,2025-08-29T15:46:39Z,2025-08-29T15:45:53Z,,5/29/2026,272.0,7/12/25,,,,OK,No Data,No Data
281474987676622,1670,4V4NC9EH1RN641095,G45RC76HAJ,183514,183904,2025-08-29T15:42:44Z,2025-08-29T14:56:03Z,LOCAL DRIVER,9/19/2025,20.0,11/20/24,,,,CRITICAL,No Data,No Data
281474987794334,1733,3AKJHHDR3RSUX0858,GSGJGUH8DH,268099,266518,2025-08-25T19:01:41Z,2025-08-25T20:15:59Z,,5/8/2026,251.0,08/12/2025,-18.0,,,OK,OVERDUE,No Data
281474987829799,1740,3AKJHHDR0RSUX0865,GFC92MDUFU,189146,190651,2025-08-29T15:46:52Z,2025-08-29T15:36:28Z,Assigned,5/28/2026,271.0,7/28/2025,-33.0,,,OK,OVERDUE,No Data
281474987840509,1737,3AKJHHDR5RSUX0862,GESPDYM7NK,280608,280808,2025-08-29T15:46:37Z,2025-08-29T15:45:46Z,,3/24/2026,206.0,7/16/25,,,,OK,No Data,No Data
281474987841632,1736,3AKJHHDR3RSUX0861,GGW7D6CNNW,210516,209440,2025-08-29T15:46:27Z,2025-08-29T15:45:52Z,,5/7/2026,250.0,6/21/25,,,,OK,No Data,No Data
281474987842890,1721,3AKJHHDR7RSUX0846,GNKBF2Y4D2,316493,316752,2025-08-29T15:46:34Z,2025-08-29T15:45:38Z,,5/2/2026,245.0,8/8/25,,,,OK,No Data,No Data
281474987898102,1735,3AKJHHDR1RSUX0860,GSBWNFHV76,204441,204679,2025-08-29T00:57:47Z,2025-08-29T00:57:47Z,,6/17/2026,291.0,6/17/25,,,,OK,No Data,No Data
281474987904123,1739,3AKJHHDR9RSUX0864,G94RKY63A9,183743,182571,2025-08-20T20:08:58Z,2025-08-21T06:19:49Z,Dealer,4/19/2026,232.0,8/15/25,,,,OK,No Data,No Data
281474987904656,1731,3AKJHHDRXRSUX0856,GZFW3GGB7T,175071,173984,2025-08-29T15:46:46Z,2025-08-29T14:10:40Z,,3/4/2026,186.0,5/22/25,,,,OK,No Data,No Data
281474987957013,1738,3AKJHHDR7RSUX0863,GNZAJH8XEP,271012,269725,2025-08-29T15:46:31Z,2025-08-29T15:45:38Z,,6/24/2026,298.0,8/22/25,,,,OK,No Data,No Data
281474988147009,1729,3AKJHHDR6RSUX0854,GX2CZ44SYK,244260,244504,2025-08-29T01:57:02Z,2025-08-29T12:07:33Z,,4/11/2026,224.0,8/8/25,,,,OK,No Data,No Data
281474988273274,502,3AKJHHDR9PSNV2204,GFMHNG83FH,315221,277984,2025-08-04T13:24:15Z,2025-08-04T13:24:16Z,,1/24/2018,-2775.0,,,,,OVERDUE,No Data,No Data
281474988325869,1381,1XPBDP9X8ND794329,,284304,8643,2025-02-10T19:32:38Z,2025-02-10T19:45:26Z,For Sale,5/17/2025,-105.0,3/20/24,,,,OVERDUE,No Data,No Data
281474988328332,1275,3AKJHHDR6MSMU3520,GRJ26CFGRY,733018,336227,2025-08-29T15:15:32Z,2025-08-29T15:10:32Z,,10/28/2025,59.0,8/10/2025,-20.0,,,WARNING,OVERDUE,No Data
281474988833418,5008,4V4NC9EH3JN894133,G9JE9NWXKM,749775,159906,2025-08-29T15:46:32Z,2025-08-29T15:17:50Z,,3/6/26,,11/16/2024,-287.0,,,No Data,OVERDUE,No Data
281474988994810,1432,3AKJHHDRXNSMX1953,G4Z9KH559N,568098,280901,2025-08-29T15:46:31Z,2025-08-29T15:45:28Z,,11/7/2025,69.0,7/10/2025,-51.0,,,OK,OVERDUE,No Data
281474989177482,1380,1XPBDP9X6ND794328,,292383,55553,2025-02-10T20:36:04Z,2025-02-10T20:56:28Z,For Sale,6/4/2025,-87.0,6/4/24,,,,OVERDUE,No Data,No Data
281474989283455,1758,3AKJHHDR9RSUX0878,GEJ2ANWR2H,216492,216931,2025-08-29T14:57:28Z,2025-08-29T14:52:27Z,,8/23/2026,358.0,8/23/2025,-7.0,,,OK,OVERDUE,No Data
281474989286091,1203,4V4NC9EH3MN271275,G6RKTDJVYV,840665,261139,2025-08-29T12:55:38Z,2025-08-29T12:42:11Z,,11/8/2025,70.0,8/7/2025,-23.0,,,OK,OVERDUE,No Data
281474989292564,1763,3AKJHHDR2RSUX0883,GFRM5B996M,221194,221439,2025-08-28T13:19:41Z,2025-08-28T23:30:08Z,,8/19/2026,354.0,6/24/2025,-67.0,,,OK,OVERDUE,No Data
281474989293388,1761,3AKJHHDR9RSUX0881,GGEX4G5U3H,223632,222038,2025-08-29T14:42:09Z,2025-08-29T14:39:58Z,,8/15/2026,350.0,8/15/2025,-15.0,,,OK,OVERDUE,No Data
281474989294377,1764,3AKJHHDR4RSUX0884,GY4AB5JMYS,179980,178944,2025-08-29T15:29:30Z,2025-08-29T14:54:06Z,,8/21/2026,356.0,8/21/2025,-9.0,,,OK,OVERDUE,No Data
281474989296656,1756,3AKJHHDR5RSUX0876,GCRGTSCE46,227751,227781,2025-08-29T15:46:54Z,2025-08-29T15:37:28Z,,9/11/2025,12.0,5/27/2025,-95.0,,,CRITICAL,OVERDUE,No Data
281474989358533,1771,3AKJHHDR0RSUX0901,GE9MM6MNPP,228302,228373,2025-08-29T15:41:42Z,2025-08-29T15:41:21Z,,8/20/2026,355.0,8/20/2025,-10.0,,,OK,OVERDUE,No Data
281474989361340,5010,3AKJHHDR0RSUX0770,,163009,26798,2024-08-26T21:59:40Z,2024-07-10T02:19:05Z,,03/15/2025,-168.0,5/8/2024,-479.0,,,OVERDUE,OVERDUE,No Data
281474989376079,1776,3AKJHHDRXRSUX0906,GJKCGSRGVE,211411,211923,2025-08-29T15:39:50Z,2025-08-29T15:36:52Z,,10/21/2025,52.0,4/8/25,,,,WARNING,No Data,No Data
281474989386661,1773,3AKJHHDR4RSUX0903,GZH3SA5D39,237162,235636,2025-08-29T15:46:54Z,2025-08-29T15:44:47Z,,10/28/2025,59.0,8/16/25,,,,WARNING,No Data,No Data
281474989434506,5011,3AKJHHDRXRSUX0887,G94DWTTA3M,237968,236434,2025-08-23T16:42:53Z,2025-08-24T02:53:53Z,,9/14/2025,15.0,7/1/2025,-60.0,,,CRITICAL,OVERDUE,No Data
281474989443385,1775,3AKJHHDR8RSUX0905,GHDEX8H3GN,229883,230345,2025-08-29T15:38:33Z,2025-08-29T11:10:57Z,,1/2/2026,125.0,7/9/2025,-52.0,,,OK,OVERDUE,No Data
281474989466269,1772,3AKJHHDR2RSUX0902,GDZXPX78JV,179220,178226,2025-08-29T14:36:31Z,2025-08-29T14:26:08Z,,,,5/30/2025,-92.0,,,No Data,OVERDUE,No Data
281474989468076,1777,3AKJHHDR1RSUX0907,GG9XPEEGNA,236805,235063,2025-08-29T15:46:53Z,2025-08-29T14:41:39Z,,8/1/2026,336.0,6/18/2025,-73.0,,,OK,OVERDUE,No Data
281474989469214,1774,3AKJHHDR6RSUX0904,GF4PJ6TMV9,198932,199547,2025-08-29T15:46:31Z,2025-08-29T15:45:55Z,,7/1/2026,305.0,7/1/25,,,,OK,No Data,No Data
281474989593862,1226,3AKJHHDR2MSMR8188,G82DSHWESX,809162,299177,2025-08-29T15:46:55Z,2025-08-29T15:46:01Z,,8/12/2026,347.0,8/12/2025,-18.0,,,OK,OVERDUE,No Data
281474989961683,5013,4V4NC9EH5NN298057,GYUU5HBWZ3,606244,244746,2025-08-29T15:46:36Z,2025-08-29T15:45:36Z,,4/29/2026,242.0,7/11/2025,-50.0,,,OK,OVERDUE,No Data
281474990040034,1799,3AKJHHDR1SSVP9499,GFDEADADZP,140596,139659,2025-08-27T16:33:49Z,2025-08-28T02:44:04Z,,1/30/2026,153.0,5/9/2025,-113.0,,,OK,OVERDUE,No Data
281474990046459,1797,3AKJHHDR8SSVP9497,GDFMEAK53P,218353,219090,2025-08-29T15:46:30Z,2025-08-29T15:45:26Z,,2/11/2026,165.0,07/15,,,,OK,No Data,No Data
281474990050313,1798,3AKJHHDRXSSVP9498,GXFJP5ZUWU,199875,201958,2025-08-29T13:31:24Z,2025-08-29T13:19:59Z,,2/14/2026,168.0,8/14/2025,-16.0,,,OK,OVERDUE,No Data
281474990050617,1813,3AKJHHDR6SSVP9501,GN57REJAHU,84197,84802,2025-08-18T23:34:55Z,2025-08-19T09:45:25Z,Repairs,2/13/2026,167.0,,,,,OK,No Data,No Data
281474990075833,1806,3AKJHHDR5SSVP9506,GKAXANY2YN,208081,208729,2025-08-25T18:53:10Z,2025-08-26T05:04:09Z,,3/19/2026,201.0,8/18/2025,-12.0,,,OK,OVERDUE,No Data
281474990157298,1804,3AKJHHDR1SSVP9504,GTJ4BK9ANF,192188,193051,2025-08-29T00:16:20Z,2025-08-29T11:00:11Z,,1/31/2026,154.0,4/28/2025,-124.0,,,OK,OVERDUE,No Data
281474990157615,1816,4V4NC9EH0SN668665,GDFXPKBAHJ,181507,182253,2025-08-29T15:21:37Z,2025-08-29T15:17:27Z,,3/27/2026,209.0,5/12/2025,-110.0,,,OK,OVERDUE,No Data
281474990159530,1802,3AKJHHDR8SSVP9502,GMRKBJPUFJ,188884,187917,2025-08-29T15:46:41Z,2025-08-29T15:45:37Z,,2/3/2026,157.0,7/25/2025,-36.0,,,OK,OVERDUE,No Data
281474990219039,1805,3AKJHHDR3SSVP9505,GBY6DMX7NS,253280,255640,2025-08-29T15:46:50Z,2025-08-29T15:46:04Z,,3/18/2026,200.0,5/30/2025,-92.0,,,OK,OVERDUE,No Data
281474990223899,1803,3AKJHHDRXSSVP9503,GCF6FAEMVU,184417,185080,2025-08-29T15:36:29Z,2025-08-29T15:25:00Z,,2/27/2026,181.0,7/11/2025,-50.0,,,OK,OVERDUE,No Data
281474990245756,1815,4V4NC9EH4SN668667,GJUXZKV45S,212080,212535,2025-08-29T15:46:40Z,2025-08-29T15:45:39Z,,4/2/2026,215.0,6/20/2025,-71.0,,,OK,OVERDUE,No Data
281474990272457,1814,4V4NC9EH9SN668664,GEGFEUWTU2,189232,190015,2025-08-29T14:30:30Z,2025-08-29T14:13:09Z,,3/7/2026,189.0,8/6/2025,-24.0,,,OK,OVERDUE,No Data
281474990287918,1812,3AKJHHDR4SSVP9500,GGMKVUDV84,161818,162525,2025-08-29T15:46:50Z,2025-08-29T15:46:04Z,,2/4/2026,158.0,8/22/2025,-8.0,,,OK,OVERDUE,No Data
281474990288013,5022,4V4NC9EH2SN668666,G6X5VFT6GC,205235,205733,2025-08-26T19:47:57Z,2025-08-26T20:11:33Z,,4/28/2026,241.0,7/25/2026,329.0,,,OK,OK,No Data
281474990345582,1822,4V4NC9EH8SN668672,GCJW4M27YK,136381,137154,2025-08-29T15:46:54Z,2025-08-29T15:45:37Z,,3/17/2026,199.0,6/30/2025,-61.0,,,OK,OVERDUE,No Data
281474990357469,5020,4V4NC9EH4SN668670,GB66SY5GKD,265683,266529,2025-08-29T15:46:50Z,2025-08-29T15:45:57Z,,3/10/2026,192.0,5/14/2025,-108.0,,,OK,OVERDUE,No Data
281474990453261,5015,3AKJGLFG8KDKG7097,,671306,168933,2025-07-22T22:03:33Z,2025-07-22T22:24:46Z,,5/7/2026,250.0,5/21/2025,-101.0,,,OK,OVERDUE,No Data
281474990502104,1819,4V4NC9EH6SN668668,GWJV82KRVD,178757,179637,2025-08-29T15:46:53Z,2025-08-29T15:45:59Z,,4/18/2026,231.0,6/27/2025,-64.0,,,OK,OVERDUE,No Data
281474990509509,5016,4V4NC9EH7JN888903,,699831,157686,2025-02-24T17:26:51Z,2025-02-24T17:36:17Z,Out Of Service,5/16/25,,2/19/2025,-192.0,,,No Data,OVERDUE,No Data
281474990518754,1821,4V4NC9EH6SN668671,GPM26PS7PD,153667,154441,2025-08-29T15:46:50Z,2025-08-29T15:45:32Z,,4/21/2026,234.0,8/27/25,,,,OK,No Data,No Data
281474990592714,1824,4V4NC9EH1SN668674,GZY388MUHE,162098,162283,2025-08-29T15:45:41Z,2025-08-29T15:45:44Z,,3/17/2026,199.0,7/29/2025,-32.0,,,OK,OVERDUE,No Data
281474990689816,5019,3AKJHHDR8KSKF3405,GMKBWPKKZH,718865,158215,2025-08-29T15:46:28Z,2025-08-29T15:38:51Z,,5/3/2026,246.0,8/12/25,,,,OK,No Data,No Data
281474990711404,1830,4V4NC9EH0SN668679,GRWBT3RZ64,167062,168482,2025-08-29T15:25:57Z,2025-08-29T15:24:29Z,,5/7/2026,250.0,6/30/2025,-61.0,,,OK,OVERDUE,No Data
281474990719146,1828,4V4NC9EH3SN668675,GYVDPA9MA7,205194,205054,2025-08-23T01:56:09Z,2025-08-23T02:07:06Z,,4/15/2026,228.0,7/9/2025,-52.0,,,OK,OVERDUE,No Data
281474990724724,1827,4V4NC9EH7SN668677,G84B4MZYJG,163336,164308,2025-08-29T15:46:39Z,2025-08-29T15:41:13Z,,5/23/2026,266.0,8/19/2025,-11.0,,,OK,OVERDUE,No Data
281474990759996,1832,4V4NC9EH9SN668681,GW56P5E5A5,156042,156848,2025-08-29T15:46:05Z,2025-08-29T15:25:36Z,,4/22/2026,235.0,7/19/2025,-42.0,,,OK,OVERDUE,No Data
281474990787465,1834,4V4NC9EH5SN668676,GAKS683S5J,173096,173589,2025-08-29T15:46:47Z,2025-08-29T15:24:41Z,,4/4/2026,217.0,6/12/2025,-79.0,,,OK,OVERDUE,No Data
281474990828351,1829,4V4NC9EH9SN668678,G3PTPSTSGM,152207,153027,2025-08-29T13:35:24Z,2025-08-29T13:25:59Z,,5/27/2026,270.0,8/22/2025,-8.0,,,OK,OVERDUE,No Data
281474990830276,1849,3AKJHHDR2SSVW9726,GWAXPZG2UK,176356,175448,2025-08-29T15:46:37Z,2025-08-29T15:46:00Z,,4/7/2026,220.0,6/26/2025,-65.0,,,OK,OVERDUE,No Data
281474990860616,1846,3AKJHHDR7SSVW9723,GFKURVA7CC,146152,146899,2025-08-29T14:54:28Z,2025-08-29T14:49:41Z,,3/13/2026,195.0,8/7/2025,-23.0,,,OK,OVERDUE,No Data
281474990877326,1847,3AKJHHDR9SSVW9724,GYMJ8SBJAE,194848,195399,2025-08-29T15:46:41Z,2025-08-29T15:46:06Z,,6/16/2026,290.0,8/27/2025,-3.0,,,OK,OVERDUE,No Data
281474990886682,1852,3AKJHHDR8SSVW9729,GES3BJJBXV,187207,186151,2025-08-29T15:12:42Z,2025-08-29T15:08:12Z,,5/3/2026,246.0,7/29/2025,-32.0,,,OK,OVERDUE,No Data
281474990937147,1833,4V4NC9EH0SN668682,GSB5H3Z7DK,127990,127089,2025-08-29T12:30:51Z,2025-08-29T12:25:04Z,,5/16/2026,259.0,07/29,,,,OK,No Data,No Data
281474990980572,1856,3AKJHHDRXSSVW9733,GPRVWWB5MD,136566,135638,2025-08-25T09:28:49Z,2025-08-25T19:39:07Z,,6/18/2026,292.0,6/18/2025,-73.0,,,OK,OVERDUE,No Data
281474990988506,1857,3AKJHHDR1SSVW9734,GH5XH8EDJB,139828,138889,2025-08-29T15:46:31Z,2025-08-29T15:45:58Z,,3/27/2026,209.0,7/16/2025,-45.0,,,OK,OVERDUE,No Data
281474990991435,1866,3AKJHHDR2SSVW9743,GSVMHD43CF,142018,141221,2025-08-29T15:40:42Z,2025-08-29T15:40:37Z,Available,4/24/2026,237.0,6/6/2025,-85.0,,,OK,OVERDUE,No Data
281474990991900,1859,3AKJHHDR5SSVW9736,G7SME75ZVR,139445,138173,2025-08-29T12:52:21Z,2025-08-29T12:48:59Z,,4/19/2026,232.0,8/21/2025,-9.0,,,OK,OVERDUE,No Data
281474991004603,1864,3AKJHHDR9SSVW9741,G6UV344W9K,178536,177906,2025-08-18T19:50:07Z,2025-08-19T06:00:32Z,,6/6/2026,280.0,7/16/2025,-45.0,,,OK,OVERDUE,No Data
281474991016344,1836,4V4NC9EH8SN668686,GYESHW4XMH,145061,145056,2025-08-29T11:17:20Z,2025-08-29T10:48:30Z,,5/6/2026,249.0,5/6/2025,-116.0,,,OK,OVERDUE,No Data
281474991017016,1835,4V4NC9EH6SN668685,GGRZF4UUGK,183296,184230,2025-08-28T23:34:59Z,2025-08-29T09:45:02Z,,6/10/2026,284.0,6/26/25,,,,OK,No Data,No Data
281474991017785,1838,4V4NC9EH2SN668683,G22Z3VN96F,126052,126832,2025-08-29T14:23:38Z,2025-08-29T14:18:30Z,,5/12/2026,255.0,5/12/25,,,,OK,No Data,No Data
281474991030146,1839,4V4NC9EH4SN668684,GG6YPU52RH,144995,145193,2025-08-29T12:15:00Z,2025-08-29T11:59:16Z,,4/19/2026,232.0,7/1/25,,,,OK,No Data,No Data
281474991041780,1837,4V4NC9EHXSN668687,GB4A2DTGFR,177277,177525,2025-08-29T15:46:30Z,2025-08-29T15:45:49Z,,5/22/2026,265.0,8/13/2025,-17.0,,,OK,OVERDUE,No Data
281474991094011,1823,4V4NC9EHXSN668673,GZHVKZF32T,200111,201078,2025-08-29T15:00:58Z,2025-08-29T12:45:12Z,,5/12/2026,255.0,8/9/2025,-21.0,,,OK,OVERDUE,No Data
281474991094047,1831,4V4NC9EH7SN668680,GPG95RHSDM,141385,141373,2025-08-29T15:46:34Z,2025-08-29T15:45:50Z,,5/12/2026,255.0,6/16/2025,-75.0,,,OK,OVERDUE,No Data
281474991124856,1848,3AKJHHDR0SSVW9725,GZ76W2UYPU,182259,182933,2025-08-29T15:46:51Z,2025-08-29T15:45:50Z,,6/3/2026,277.0,6/3/25,,,,OK,No Data,No Data
281474991124972,1861,3AKJHHDR9SSVW9738,GPWXJT57E7,183745,184397,2025-08-28T22:42:16Z,2025-08-28T22:39:17Z,,6/13/2026,287.0,8/15/2025,-15.0,,,OK,OVERDUE,No Data
281474991130477,1865,3AKJHHDR0SSVW9742,GVUHAD3BYY,130927,129772,2025-08-29T14:17:41Z,2025-08-27T19:53:14Z,Repairs,3/20/2026,202.0,7/24/2025,-37.0,,,OK,OVERDUE,No Data
281474991195131,1851,3AKJHHDR6SSVW9728,GM5YNMXXRW,110761,113204,2025-08-27T18:22:42Z,2025-08-27T19:45:21Z,,6/20/2026,294.0,6/20/2025,-71.0,,,OK,OVERDUE,No Data
281474991220628,1854,3AKJHHDR6SSVW9731,GWKK334RZU,152955,153409,2025-08-29T15:46:53Z,2025-08-29T15:45:48Z,,6/7/2026,281.0,6/26/25,,,,OK,No Data,No Data
281474991222603,1850,3AKJHHDR4SSVW9727,GJ45S5XRRV,174378,174920,2025-08-29T15:46:56Z,2025-08-29T15:46:04Z,,5/5/2026,248.0,7/30/25,,,,OK,No Data,No Data
281474991389997,1868,3AKJHHDR6SSVW9745,G23TJXBZUF,172538,171428,2025-08-28T23:32:15Z,2025-08-29T09:42:19Z,,5/22/2026,265.0,7/25/2025,-36.0,,,OK,OVERDUE,No Data
281474991390014,1860,3AKJHHDR7SSVW9737,GRXTCR2BUA,209647,210239,2025-08-25T21:53:41Z,2025-08-26T08:04:06Z,,4/14/2026,227.0,8/13/25,,,,OK,No Data,No Data
281474991409165,1880,3AKJHHDR2SSVW9757,GPHKK9MMG7,167317,167824,2025-08-29T15:46:35Z,2025-08-29T15:45:42Z,,6/27/2026,301.0,8/11/25,,,,OK,No Data,No Data
281474991508575,1373,3AKJHHDR5NSMX1956,GV54BA3KB7,91155,91823,2025-08-29T15:14:57Z,2025-08-29T14:56:05Z,,8/16/2022,-1110.0,10/12/21,,,,OVERDUE,No Data,No Data
281474991754991,1818,4V4NC9EH8SN668669,GD5E6PFU9N,127986,128071,2025-08-29T15:46:35Z,2025-08-29T15:45:55Z,,4/4/2026,217.0,7/7/25,,,,OK,No Data,No Data
281474991822043,1845,4V4NC9EH1SN682428,GU499FTBEP,199892,200607,2025-08-08T16:56:08Z,2025-08-08T16:56:29Z,,7/3/2026,307.0,7/3/2025,-58.0,,,OK,OVERDUE,No Data
281474991832120,1843,4V4NC9EH4SN682424,GX6FH6B7S8,146799,147425,2025-08-26T18:12:00Z,2025-08-26T18:14:28Z,Vacation,7/28/2026,332.0,7/28/25,,,,OK,No Data,No Data
281474991839849,1842,4V4NC9EH8SN682426,GW5U3MTCTB,118641,119209,2025-08-29T15:46:31Z,2025-08-29T15:45:48Z,,6/17/2026,291.0,6/17/25,,,,OK,No Data,No Data
281474991853343,1844,4V4NC9EHXSN682427,G2SBW6C9T2,108002,108547,2025-08-29T14:52:57Z,2025-08-29T14:52:40Z,,8/26/2026,361.0,8/26/25,,,,OK,No Data,No Data
281474991875286,1841,4V4NC9EH6SN682425,GYHXXS3N4X,139821,139902,2025-08-28T14:48:34Z,2025-08-28T16:59:10Z,,7/2/2026,306.0,7/2/2025,-59.0,,,OK,OVERDUE,No Data
281474992046121,5025,3AKJHHDR6KSKA9371,,708222,94312,2025-04-22T15:45:12Z,2025-04-22T16:20:12Z,,8/5/2025,-25.0,3/4/25,,,,OVERDUE,No Data,No Data
281474992063500,586,3AKJHHDR2MSNA0288,,511422,74193,2025-07-07T19:13:37Z,2025-07-07T18:55:52Z,Out Of Service,12/2/2025,94.0,6/4/25,,,,OK,No Data,No Data
281474992129722,5031,3AKJHHDR8KSJW9038,GXZVSKS5UW,131134,133304,2025-08-29T15:46:52Z,2025-08-29T15:46:10Z,,8/13/2025,-17.0,3/1/25,,,,OVERDUE,No Data,No Data
281474992196788,1840,4V4NC9EH1SN668688,G7DE5M4YG7,118522,118453,2025-08-29T15:46:28Z,2025-08-29T15:46:10Z,Available,7/18/2026,322.0,8/8/2025,-22.0,,,OK,OVERDUE,No Data
281474992351143,1878,3AKJHHDR9SSVW9755,G6FRKPFNNB,119112,119711,2025-08-29T15:23:51Z,2025-08-29T15:17:20Z,,8/15/2026,350.0,8/15/25,,,,OK,No Data,No Data
281474992372603,1853,3AKJHHDR4SSVW9730,GMNNWVD9PH,137058,137582,2025-08-29T14:54:06Z,2025-08-29T06:11:21Z,,7/9/2026,313.0,7/9/25,,,,OK,No Data,No Data
281474992387738,1855,3AKJHHDR8SSVW9732,G9S5AUSFS9,156700,157449,2025-08-29T15:46:31Z,2025-08-29T15:45:48Z,,5/4/2026,247.0,8/8/2025,-22.0,,,OK,OVERDUE,No Data
281474992387828,1869,3AKJHHDR8SSVW9746,G9Y4KT88F6,112203,112550,2025-08-26T22:41:30Z,2025-08-27T08:51:59Z,,7/11/2026,315.0,5/3/25,,,,OK,No Data,No Data
281474992388473,1862,3AKJHHDR0SSVW9739,GVWJSZ6RS8,96614,96807,2025-08-29T15:46:48Z,2025-08-29T15:45:49Z,,6/23/2026,297.0,07/18,,,,OK,No Data,No Data
281474992486821,1874,3AKJHHDR1SSVW9751,GNEH35EMWJ,121553,122373,2025-08-29T15:46:47Z,2025-08-29T15:45:48Z,,9/10/2025,11.0,6/4/25,,,,CRITICAL,No Data,No Data
281474992542370,5037,3AKJHHDR3MSMN6449,,743148,140313,2025-06-19T14:04:14Z,2025-06-19T14:48:53Z,,8/5/2026,340.0,8/10/25,,,,OK,No Data,No Data
281474992907320,1377,1XPBDP9X0ND794325,,175393,13564,2025-02-11T21:37:34Z,2025-02-11T22:23:51Z,Repairs,8/3/2024,-392.0,4/11/23,,,,OVERDUE,No Data,No Data
281474993410104,1879,3AKJHHDR0SSVW9756,GP9ENHYY97,153327,153692,2025-08-29T14:08:04Z,2025-08-29T11:53:21Z,,4/16/2026,229.0,08/27,,,,OK,No Data,No Data
281474993571516,1495,3AKJHHDR4PSNL7934,,315483,10913,2025-08-21T18:43:43Z,2025-08-21T20:00:01Z,,6/6/2025,-85.0,3/29/25,,,,OVERDUE,No Data,No Data
281474993571568,1497,3AKJHHDRXSSWC1910,,1729,291,2025-03-13T18:14:32Z,2025-03-14T04:25:13Z,,6/14/2023,-808.0,12/4/22,,,,OVERDUE,No Data,No Data
281474993571800,1376,1XPBDP9X9ND794324,,295535,12,2025-02-07T21:58:48Z,2025-02-07T22:38:44Z,,10/6/2024,-328.0,7/19/23,,,,OVERDUE,No Data,No Data
281474993676126,1884,3AKJHHDR0SSWC1883,GE7CCFKHBK,77024,77338,2025-08-29T15:46:43Z,2025-08-29T15:45:54Z,,7/14/2026,318.0,7/14/25,,,,OK,No Data,No Data
281474993698574,1888,3AKJHHDR8SSWC1887,GDMVW8XCZE,99025,99657,2025-08-29T15:46:03Z,2025-08-29T15:40:15Z,,8/14/2026,349.0,7/3/2025,-58.0,,,OK,OVERDUE,No Data
281474993710244,1886,3AKJHHDR4SSWC1885,GGSK7YET9E,112198,111014,2025-08-27T19:54:22Z,2025-07-15T01:48:57Z,,6/30/2026,304.0,5/22/25,,,,OK,No Data,No Data
281474993789370,1375,1XPBDP9X7ND794323,,311579,2,2025-02-10T17:18:53Z,2025-02-10T17:50:09Z,,9/16/2023,-714.0,8/15/22,,,,OVERDUE,No Data,No Data
281474993886664,1604,1FUJHHDR2PLNV2153,,325014,2,2025-01-27T20:50:13Z,2025-01-27T21:44:16Z,,12/8/2023,-631.0,3/16/23,,,,OVERDUE,No Data,No Data
281474993926738,1581,3AKJHHDRXSSWC1907,,1694,293,2025-03-14T18:11:15Z,2025-02-26T16:23:03Z,,12/12/2023,-627.0,9/18/23,,,,OVERDUE,No Data,No Data
281474993926762,1492,3AKJHHDR9PSNL7895,,404622,3,2025-02-26T20:28:45Z,2025-02-26T21:31:50Z,,4/19/2024,-498.0,7/20/23,,,,OVERDUE,No Data,No Data
281474993996437,1617,3AKJHHDR1SSWC1908,,59,9,2025-03-13T20:00:32Z,2025-03-14T06:11:05Z,,,,12/15/22,,,,No Data,No Data,No Data
281474993996538,1627,3AKJHHDR8RSUX0757,,310849,2,2025-02-17T20:14:37Z,2025-02-17T22:25:58Z,,4/13/2024,-504.0,9/22/23,,,,OVERDUE,No Data,No Data
281474994036772,1885,3AKJHHDR2SSWC1884,GKT4ZJW6CC,109700,110181,2025-08-28T20:49:50Z,2025-08-29T06:59:57Z,,8/6/2026,341.0,8/6/25,,,,OK,No Data,No Data
281474994167023,1887,3AKJHHDR6SSWC1886,G27P9TACWR,79962,80318,2025-08-29T15:46:46Z,2025-08-29T14:19:53Z,,9/30/2025,31.0,6/13/2025,-78.0,,,WARNING,OVERDUE,No Data
281474994284148,1597,1FUJHHDR1PLNV2158,,286229,0,2025-01-28T17:55:23Z,2025-01-28T19:25:32Z,Assigned,10/15/2025,46.0,4/6/24,,,,WARNING,No Data,No Data
281474994347500,1893,3AKJHHDRXSSWC1891,GRM8N9ARHG,97256,97720,2025-08-29T15:03:25Z,2025-08-29T13:05:34Z,,8/1/2026,336.0,8/1/25,,,,OK,No Data,No Data
281474994520467,1889,3AKJHHDRXSSWC1888,GM9A5452ZY,99808,100325,2025-08-29T15:46:54Z,2025-08-29T15:46:00Z,,7/11/2026,315.0,7/11/25,,,,OK,No Data,No Data
281474994555749,5051,4V4NC9EJ9SN695382,,61101,60740,2025-06-09T18:31:19Z,2025-06-09T18:50:49Z,,2/7/2026,161.0,5/27/2025,-95.0,,,OK,OVERDUE,No Data
281474994556688,5052,3AKJHHDR9KSHU6310,GMCKNYB9RY,755603,68385,2025-08-29T15:46:54Z,2025-08-29T11:39:38Z,Vacation,2/7/26,,7/8/2025,-53.0,,,No Data,OVERDUE,No Data
281474994580333,1894,3AKJHHDR1SSWC1892,GP5S3CEJT3,96494,97190,2025-08-29T15:46:50Z,2025-08-29T15:46:17Z,,7/22/2026,326.0,7/22/25,,,,OK,No Data,No Data
281474994632020,1890,3AKJHHDR1SSWC1889,GS3R535GR6,63875,64184,2025-08-29T15:46:36Z,2025-08-29T15:45:55Z,,2/6/2026,160.0,5/30/25,,,,OK,No Data,No Data
281474994656854,1892,3AKJHHDR8SSWC1890,GMMJE5474J,74008,74381,2025-08-29T15:46:36Z,2025-08-29T15:46:07Z,,7/10/2026,314.0,5/29/2025,-93.0,,,OK,OVERDUE,No Data
281474994713791,1904,3AKJHHDR0SSWC1902,GRU37H8UH6,75709,76068,2025-08-29T15:29:25Z,2025-08-29T15:21:35Z,,9/3/2025,4.0,5/22/25,,,,CRITICAL,No Data,No Data
281474994727617,1903,3AKJHHDR9SSWC1901,GGASBTW8MW,78282,78708,2025-08-29T15:46:29Z,2025-08-29T15:34:31Z,,8/21/2026,356.0,8/21/25,,,,OK,No Data,No Data
281474994743322,1902,3AKJHHDR7SSWC1900,GCBATN3KRS,76673,77152,2025-08-29T15:46:26Z,2025-08-29T15:46:02Z,,8/14/2026,349.0,8/14/25,,,,OK,No Data,No Data
281474994745701,1899,3AKJHHDR0SSWC1897,G9ZDYE7AVW,67984,66682,2025-08-29T15:43:09Z,2025-08-29T15:37:23Z,,8/8/2026,343.0,8/8/25,,,,OK,No Data,No Data
281474994745726,1896,3AKJHHDR5SSWC1894,GUD5D77FRD,91517,91994,2025-08-29T15:45:15Z,2025-08-29T15:38:14Z,,7/18/2026,322.0,7/18/2025,-43.0,,,OK,OVERDUE,No Data
281474994745896,5060,3AKJHHDR6SSWC1905,GC72JTZ6U9,99628,100060,2025-08-29T15:43:43Z,2025-08-29T15:43:47Z,,9/1/2025,2.0,5/23/2025,-99.0,,,CRITICAL,OVERDUE,No Data
281474994747356,1895,3AKJHHDR3SSWC1893,G36ZFHDADA,78488,78844,2025-08-29T15:46:26Z,2025-08-29T15:45:39Z,,7/22/2026,326.0,7/22/25,,,,OK,No Data,No Data
281474994747894,1900,3AKJHHDR2SSWC1898,GXE2ZMVTRW,99316,99666,2025-08-19T20:21:29Z,2025-08-20T06:31:18Z,Vacation,7/24/2026,328.0,7/24/25,,,,OK,No Data,No Data
281474994761589,1909,3AKJHHDR4SSWC1904,G5KUP6KXGB,114459,114979,2025-08-29T15:38:05Z,2025-08-29T14:24:24Z,,8/4/2026,339.0,7/14/25,,,,OK,No Data,No Data
281474994761703,1901,3AKJHHDR4SSWC1899,GZ8NPD5HYE,69443,69755,2025-08-29T15:46:41Z,2025-08-29T15:45:58Z,,7/11/2026,315.0,8/20/25,,,,OK,No Data,No Data
281474994762360,5054,3AKJHHDR9SSWC1896,G4P5C5NFDZ,84606,84823,2025-08-29T14:41:09Z,2025-08-29T12:08:08Z,,8/17/26,,8/17/2025,-13.0,,,No Data,OVERDUE,No Data
281474994764622,1897,3AKJHHDR7SSWC1895,GPRT7KTSU2,76478,74958,2025-08-29T15:46:42Z,2025-08-29T15:42:35Z,,8/25/2026,360.0,8/25/25,,,,OK,No Data,No Data
281474994864236,1770,3AKJHHDR9RSUX0900,GDREWF25KZ,88183,63461,2025-08-29T11:03:51Z,2025-08-29T10:40:23Z,,2/24/2026,178.0,6/20/25,,,,OK,No Data,No Data
281474994874918,5055,1FUJHHDR4NLMX1894,,564276,57768,2025-07-08T17:36:33Z,2025-07-08T17:54:29Z,SOLD,2/28/26,,5/7/2025,-115.0,,,No Data,OVERDUE,No Data
281474995214953,1928,3AKJHHDR6TSWK8990,GZMSTB9BDV,72213,70830,2025-08-29T12:13:13Z,2025-08-29T12:06:47Z,,3/1/2026,183.0,6/23/25,,,,OK,No Data,No Data
281474995219725,1923,3AKJHHDR2TSWK8985,GS8CCR9JA6,60832,61346,2025-08-29T15:46:48Z,2025-08-29T15:45:19Z,,3/1/2026,183.0,6/25/25,,,,OK,No Data,No Data
281474995255327,1939,3AKJHHDR5TSWK9001,GJB4F8UKWY,86172,86400,2025-08-29T15:46:54Z,2025-08-29T15:42:26Z,,2/18/2026,172.0,8/20/2025,-10.0,,,OK,OVERDUE,No Data
281474995269713,5056,3AKJHHDR9NSMX1796,G4KKNP6GYJ,624966,91670,2025-08-26T00:05:03Z,2025-08-26T10:15:44Z,,10/2/2025,33.0,6/30/2025,-61.0,,,WARNING,OVERDUE,No Data
281474995287616,1929,3AKJHHDR8TSWK8991,GFYMHNCPGX,57393,57667,2025-08-29T15:46:33Z,2025-08-29T15:45:25Z,,2/21/2026,175.0,8/7/25,,,,OK,No Data,No Data
281474995291159,1941,3AKJHHDR9TSWK9003,G6DRT3M3BK,68418,66707,2025-08-29T15:46:31Z,2025-08-29T15:46:01Z,,2/20/2026,174.0,6/23/25,,,,OK,No Data,No Data
281474995292503,1934,3AKJHHDR7TSWK8996,GUPDZR7SUN,62218,60874,2025-08-29T15:46:50Z,2025-08-29T15:46:01Z,,2/21/2026,175.0,6/3/25,,,,OK,No Data,No Data
281474995318207,1930,3AKJHHDRXTSWK8992,GDU6B6PDV2,64220,64396,2025-08-29T15:33:50Z,2025-08-29T15:23:09Z,,2/1/2026,155.0,7/21/25,,,,OK,No Data,No Data
281474995325784,1938,3AKJHHDR3TSWK9000,G3EZNSJHED,73276,73477,2025-08-29T15:46:52Z,2025-08-29T15:45:41Z,,2/24/2026,178.0,6/20/2025,-71.0,,,OK,OVERDUE,No Data
281474995509217,1932,3AKJHHDR3TSWK8994,GSYPV93F2Y,79545,78223,2025-08-27T20:31:13Z,2025-08-28T08:08:25Z,,3/26/2026,208.0,6/20/25,,,,OK,No Data,No Data
281474995511723,1937,3AKJHHDR2TSWK8999,GWHYWN3KVS,93371,93732,2025-08-22T16:08:45Z,2025-08-23T02:19:02Z,,3/14/2026,196.0,7/25/2025,-36.0,,,OK,OVERDUE,No Data
281474995513228,1943,3AKJHHDR0TSWK9004,GMJU6FSRWK,56581,55122,2025-08-29T15:46:34Z,2025-08-29T15:40:06Z,,3/18/2026,200.0,5/29/25,,,,OK,No Data,No Data
281474995518000,1927,3AKJHHDRXTSWK8989,GX8BW7ETNY,58552,58866,2025-08-29T15:46:48Z,2025-08-29T15:45:28Z,,3/16/2026,198.0,6/27/25,,,,OK,No Data,No Data
281474995529251,1931,3AKJHHDR1TSWK8993,G7F4TCJT5J,59442,59840,2025-08-29T15:46:30Z,2025-08-29T15:16:37Z,,3/14/2026,196.0,7/10/25,,,,OK,No Data,No Data
281474995569942,1926,3AKJHHDR8TSWK8988,GAR3T48AZV,57578,57897,2025-08-18T18:12:43Z,2025-08-20T07:40:50Z,Cleaning,4/10/2026,223.0,7/14/2025,-47.0,,,OK,OVERDUE,No Data
281474995573883,1933,3AKJHHDR5TSWK8995,GMS68NTXNV,76771,77098,2025-08-29T15:46:38Z,2025-08-29T15:46:11Z,,3/17/2026,199.0,8/16/25,,,,OK,No Data,No Data
281474995598778,1925,3AKJHHDR6TSWK8987,GKBBXKRACZ,65323,65600,2025-08-29T14:54:39Z,2025-08-29T09:12:41Z,,3/17/2026,199.0,8/26/25,,,,OK,No Data,No Data
281474995608839,1935,3AKJHHDR9TSWK8997,GDB9BMNHT4,69176,69556,2025-08-29T15:15:10Z,2025-08-29T15:06:36Z,,3/17/2026,199.0,8/23/25,,,,OK,No Data,No Data
281474995630496,1956,4V4BC9EH0TN704360,G5AMJV2A45,27899,28207,2025-08-29T15:02:11Z,2025-08-29T14:45:25Z,,4/7/2026,220.0,8/6/25,,,,OK,No Data,No Data
281474995655203,1921,3AKJHHDR9TSWK8983,GAMK2DPPXT,60617,60930,2025-08-29T15:46:41Z,2025-08-29T15:46:21Z,,3/21/2026,203.0,7/11/25,,,,OK,No Data,No Data
281474995669009,1955,4V4BC9EH1TN704349,G88AWFCTHN,27332,27649,2025-08-25T15:17:27Z,2025-08-25T16:01:06Z,,4/17/2026,230.0,,,,,OK,No Data,No Data
281474995690782,1431,3AKJHHDR8NSMX1952,,443057,12,2025-06-02T18:53:09Z,2025-06-02T19:30:47Z,,2/27/2024,-550.0,05/23/2023,-830.0,,,OVERDUE,OVERDUE,No Data
281474995690823,1557,1FUJHHDR3PLNV2114,,446632,0,2025-04-22T19:34:42Z,2025-04-22T16:57:27Z,,9/26/2023,-704.0,1/16/23,,,,OVERDUE,No Data,No Data
281474995728646,1936,3AKJHHDR0TSWK8998,GSF48V995H,65836,66209,2025-08-28T17:01:26Z,2025-08-29T03:12:04Z,Available,3/15/2026,197.0,8/28/25,,,,OK,No Data,No Data
281474995737203,1952,4V4BC9EH4TN704359,GVY49533TR,61446,62135,2025-08-29T15:46:41Z,2025-08-29T15:40:22Z,,4/17/2026,230.0,7/11/2025,-50.0,,,OK,OVERDUE,No Data
281474995750884,1924,3AKJHHDR4TSWK8986,GTGY9SE9RG,57993,56561,2025-08-29T15:20:11Z,2025-08-29T14:41:57Z,,3/17/2026,199.0,7/21/25,,,,OK,No Data,No Data
281474995751794,1946,3AKJHHDR6TSWK9007,GEJEEVCKGF,32941,31339,2025-08-29T13:02:29Z,2025-08-29T12:57:14Z,,3/18/2026,200.0,,,,,OK,No Data,No Data
281474995751814,1940,3AKJHHDR7TSWK9002,GFPRHYUWB3,65093,65399,2025-08-29T02:46:19Z,2025-08-29T12:56:36Z,,2/17/2026,171.0,6/28/25,,,,OK,No Data,No Data
281474995752609,1950,4V4BC9EH6TN704346,GPKEDT8VCJ,58443,59058,2025-08-29T15:46:53Z,2025-08-29T15:46:07Z,,4/7/2026,220.0,7/11/25,,,,OK,No Data,No Data
281474995752829,1945,3AKJHHDR4TSWK9006,GU654BBF8V,48538,48739,2025-08-29T15:46:40Z,2025-08-29T15:46:07Z,,3/17/2026,199.0,8/19/2025,-11.0,,,OK,OVERDUE,No Data
281474995776652,1951,4V4BC9EH8TN704347,G2MJCNJVPS,66657,67387,2025-08-29T15:46:31Z,2025-08-29T15:45:29Z,,04/24/2026,237.0,06/27/2025,-64.0,,,OK,OVERDUE,No Data
281474995802544,1549,3AKJHHDR4PSNV2093,,471694,1,2025-06-02T18:39:25Z,2025-06-02T18:40:00Z,,10/25/2025,56.0,4/30/25,,,,WARNING,No Data,No Data
281474995831854,1616,1FUJHHDR5PLNV2163,,351791,4,2025-07-31T16:48:22Z,2025-07-31T17:14:07Z,,12/21/2023,-618.0,,,,,OVERDUE,No Data,No Data
281474995844379,1613,1FUJHHDR4PLNV2154,,405043,4,2025-05-28T18:42:45Z,2025-05-28T19:14:34Z,,12/16/2023,-623.0,,,,,OVERDUE,No Data,No Data
281474995894835,1949,4V4BC9EH2TN704358,,44,1,2025-06-11T21:15:48Z,2025-06-11T09:45:22Z,,,,,,,,No Data,No Data,No Data
281474995899039,1947,4V4BC9EH4TN704345,G7ZWFNYB5W,45437,45939,2025-08-29T15:46:41Z,2025-08-29T15:46:19Z,,4/24/2026,237.0,,,,,OK,No Data,No Data
281474995910081,1953,4V4BC9EH2TN704344,GM6USSZRVZ,14674,14195,2025-08-29T15:46:55Z,2025-08-29T15:34:35Z,,4/7/2026,220.0,,,,,OK,No Data,No Data
281474996188386,1412,3AKJHHDR2NSNG7474,,445366,1,2025-05-20T14:08:59Z,2025-05-20T20:21:06Z,,11/29/2023,-640.0,7/24/23,,,,OVERDUE,No Data,No Data
281474996188403,1614,1FUJHHDRXPLNV2157,,390807,586,2025-08-28T14:32:11Z,2025-08-28T16:02:59Z,,12/20/2023,-619.0,,,,,OVERDUE,No Data,No Data
281474996188421,1448,3AKJHHDRXPSNL7887,,338037,90,2025-07-31T12:45:06Z,2025-07-31T14:12:57Z,Assigned,2/8/2025,-203.0,2/8/2024,-569.0,,,OVERDUE,OVERDUE,No Data
281474996219897,1578,1FUJHHDRXPLNV2143,,360129,92,2025-07-31T14:48:34Z,2025-07-31T16:16:17Z,,11/17/2023,-652.0,7/10/23,,,,OVERDUE,No Data,No Data
281474996251459,5057,1XKYD49X3TJ202008,GRHYXVE9W7,45540,44371,2025-08-29T13:14:08Z,2025-08-28T02:07:38Z,,5/29/2026,272.0,8/4/2025,-26.0,,,OK,OVERDUE,No Data
281474996342568,1965,4V4BC9EH5TN704368,GNKWTBEGCA,38615,39083,2025-08-29T15:46:51Z,2025-08-29T15:45:54Z,,5/23/2026,266.0,8/21/25,,,,OK,No Data,No Data
281474996348634,1546,3AKJHHDR3PSNV2098,,361304,2,2025-07-31T14:05:22Z,2025-07-31T14:20:35Z,,8/23/2024,-372.0,8/16/23,,,,OVERDUE,No Data,No Data
281474996348648,1612,1FUJHHDR5PLNV2146,,418714,3,2025-08-12T18:08:11Z,2025-08-12T19:01:37Z,,12/20/2023,-619.0,,,,,OVERDUE,No Data,No Data
281474996389571,1967,4V4BC9EH3TN704370,GDWWSUZ79Z,40793,40628,2025-08-29T15:46:48Z,2025-08-29T15:46:03Z,,5/23/2026,266.0,8/26/25,,,,OK,No Data,No Data
281474996391390,1966,4V4BC9EH7TN704369,GBKCZXHYTB,36416,36873,2025-08-29T15:46:40Z,2025-08-29T15:45:00Z,,5/23/2026,266.0,8/4/25,,,,OK,No Data,No Data
281474996392389,1954,4V4BC9EHXTN704348,GG8ADDW5NA,120,109,2025-08-25T21:25:21Z,2025-08-26T07:36:16Z,,,,,,,,No Data,No Data,No Data
281474996401240,1961,4V4BC9EH8TN704364,GR8GHRKAKG,28306,28650,2025-08-28T21:23:56Z,2025-08-29T07:34:31Z,,5/23/2026,266.0,,,,,OK,No Data,No Data
281474996405348,5058,4V4NC9EH2LN236225,GH3TMKHF7T,705266,33825,2025-08-29T06:24:23Z,2025-08-29T09:34:12Z,,5/30/2026,273.0,8/8/2025,-22.0,,,OK,OVERDUE,No Data
281474996457356,1452,3AKJHHDR3PSNL7908,,451419,2,2025-07-15T19:55:40Z,2025-07-15T06:18:54Z,,8/26/2023,-735.0,12/4/2022,-1000.0,,,OVERDUE,OVERDUE,No Data
281474996491378,1540,1FUJHHDR3PLNV2131,,456639,9,2025-08-12T18:58:17Z,2025-08-12T19:16:22Z,,8/2/2024,-393.0,,,,,OVERDUE,No Data,No Data
281474996751211,1599,1FUJHHDR6PLNV2141,,364891,11,2025-08-12T16:00:06Z,2025-08-12T16:37:38Z,,12/2/2023,-637.0,,,,,OVERDUE,No Data,No Data
281474996768413,1550,3AKJHHDR8PSNV2095,,374362,5,2025-08-12T16:11:02Z,2025-08-12T16:28:10Z,,8/19/2024,-376.0,12/4/23,,,,OVERDUE,No Data,No Data
281474996912306,1564,1FUJHHDR9PLNV2134,,330294,2,2025-07-30T13:07:17Z,2025-07-30T13:38:18Z,,9/20/2024,-344.0,11/13/23,,,,OVERDUE,No Data,No Data
281474996931253,1479,3AKJHHDR5PSNL7926,,385432,5,2025-08-12T15:50:19Z,2025-08-12T16:09:13Z,,4/4/2024,-513.0,9/22/23,,,,OVERDUE,No Data,No Data
281474996933965,1533,4V4NC9EH5PN323848,,278083,0,2025-07-02T12:55:19Z,2025-07-02T14:56:37Z,,7/18/2024,-408.0,11/25/23,,,,OVERDUE,No Data,No Data
281474996955301,1603,1FUJHHDR6PLNV2138,,421904,3,2025-08-12T18:11:31Z,2025-08-12T19:04:02Z,,,,12/9/22,,,,No Data,No Data,No Data
281474996966498,1429,3AKJHHDR6NSNB6513,,486226,4,2025-08-12T18:53:52Z,2025-08-12T19:53:16Z,,1/25/2024,-583.0,10/4/2022,-1061.0,,,OVERDUE,OVERDUE,No Data
281474996969140,1982,3AKJHHDR8TSWK9011,GX382KGJXT,27249,27306,2025-08-29T12:07:39Z,2025-08-29T06:14:15Z,,8/19/2026,354.0,,,,,OK,No Data,No Data
281474996969188,1980,3AKJHHDRXTSWK9009,GA5ZCMRV33,24761,24812,2025-08-28T22:39:43Z,2025-08-29T08:50:09Z,,5/6/2026,249.0,,,,,OK,No Data,No Data
281474996969998,1983,3AKJHHDRXTSWK9012,GX6RNC86WA,34644,34771,2025-08-29T15:46:37Z,2025-08-29T15:46:06Z,,,,,,,,No Data,No Data,No Data
281474997006906,1981,3AKJHHDR6TSWK9010,GVR2JJYETP,25839,25899,2025-08-29T15:46:43Z,2025-08-29T15:46:06Z,,,,,,,,No Data,No Data,No Data
281474997050650,1975,4V4BC9EH7TN704355,G2JUUUSC9V,22999,22558,2025-08-29T14:12:11Z,2025-08-29T14:13:43Z,,7/8/2026,312.0,8/19/2025,-11.0,,,OK,OVERDUE,No Data
281474997068876,1545,1FUJHHDR9PLNV2117,,390207,3,2025-08-04T13:37:34Z,2025-08-12T15:43:33Z,,11/2/2024,-301.0,,,,,OVERDUE,No Data,No Data
281474997073562,1978,3AKJHHDR8TSWK9008,GWV34AEB2Z,22875,22889,2025-08-29T15:46:39Z,2025-08-29T15:46:20Z,,5/5/2026,248.0,,,,,OK,No Data,No Data
281474997076448,1973,4V4BC9EH3TN704353,GXAXPW6VN5,14225,14372,2025-08-20T20:47:45Z,2025-08-26T05:50:21Z,,7/1/2026,305.0,,,,,OK,No Data,No Data
281474997078512,1632,3AKJHHDR0RSUX0770,,299004,3,2025-08-12T17:07:06Z,2025-08-04T13:00:04Z,,03/15/2025,-168.0,5/8/2024,-479.0,,,OVERDUE,OVERDUE,No Data
281474997122177,1964,4V4BC9EH3TN704367,GKNYNNSFD4,15249,15433,2025-08-29T15:46:41Z,2025-08-29T15:46:22Z,,7/14/2026,318.0,,,,,OK,No Data,No Data
281474997127736,1960,4V4BC9EH6TN704363,GP827WKMPB,13443,13563,2025-08-26T12:17:27Z,2025-08-26T22:28:03Z,,7/1/2026,305.0,7/1/2025,-60.0,,,OK,OVERDUE,No Data
281474997130754,1969,4V4BC9EH8TN704350,GYMTEWZW9X,41,35,2025-08-28T15:43:59Z,2025-08-28T15:45:02Z,,,,,,,,No Data,No Data,No Data
281474997146202,1974,4V4BC9EH5TN704354,GMPX967AAK,8388,8416,2025-08-29T15:46:32Z,2025-08-29T15:46:05Z,,,,,,,,No Data,No Data,No Data
281474997149404,1970,4V4BC9EHXTN704351,GXBKVKTGBJ,5183,4555,2025-08-08T23:53:29Z,2025-08-09T10:04:24Z,,7/15/2026,319.0,,,,,OK,No Data,No Data
281474997155305,1976,4V4BC9EH9TN704356,G2DDZZAFV8,10486,10587,2025-08-29T11:44:44Z,2025-08-29T04:34:07Z,,7/15/2026,319.0,,,,,OK,No Data,No Data
281474997157564,1559,1FUJHHDR7PLNV2116,,404177,16,2025-08-11T22:25:38Z,2025-08-12T18:10:48Z,,8/23/2024,-372.0,11/13/23,,,,OVERDUE,No Data,No Data
281474997272392,1971,4V4BC9EH7TN704372,G8YFRB46GM,69,62,2025-08-21T14:41:42Z,2025-08-21T18:42:14Z,,,,,,,,No Data,No Data,No Data
281474997277802,1987,3AKJHHDR7TSWK9016,G6FCYR89SP,22332,20689,2025-08-29T15:46:40Z,2025-08-29T15:46:26Z,,4/30/2026,243.0,,,,,OK,No Data,No Data
281474997297871,1985,3AKJHHDR3TSWK9014,G6T4FH99A6,25754,24191,2025-08-29T15:46:33Z,2025-08-29T15:46:11Z,,7/23/2026,327.0,,,,,OK,No Data,No Data
281474997330539,1988,3AKJHHDR9TSWK9017,GMESBCUAW5,15676,13958,2025-08-29T15:46:38Z,2025-08-29T15:46:02Z,,7/21/2026,325.0,7/21/25,,,,OK,No Data,No Data
281474997339823,1984,3AKJHHDR1TSWK9013,GCVPSAMERM,10282,10260,2025-08-28T16:20:45Z,2025-08-29T02:31:36Z,Available,7/21/2026,325.0,,,,,OK,No Data,No Data
281474997389348,1977,4V4BC9EH0TN704357,GCFMXJPX2D,3336,3341,2025-08-29T15:08:13Z,2025-08-29T14:53:38Z,,7/29/2026,333.0,,,,,OK,No Data,No Data
281474997516150,5037,3AKJHHDR3MSMN6449,GFYZHFXX7P,784357,15918,2025-08-29T15:46:32Z,2025-08-29T15:46:02Z,,8/5/2026,340.0,8/10/25,,,,OK,No Data,No Data
281474997534416,1989,3AKJHHDR0TSWK9018,GPB3MH4SCC,563,502,2025-08-29T13:23:46Z,2025-08-29T13:14:48Z,,,,,,,,No Data,No Data,No Data
281474997535687,1990,3AKJHHDR9TSWK9020,G89WDMX529,2892,2845,2025-08-26T00:45:05Z,2025-08-26T10:54:43Z,,5/2/2026,245.0,,,,,OK,No Data,No Data
281474997535813,1991,3AKJHHDR0TSWK9021,GTB4RVPCMJ,232,184,2025-08-29T15:46:39Z,2025-08-29T15:46:11Z,,11/15/2020,-1749.0,1/5/2020,-2064.0,,,OVERDUE,OVERDUE,No Data
281474997680274,2002,3AKJHHDR5TSWK9032,GKDU8X5J89,4350,2652,2025-08-29T15:46:32Z,2025-08-29T12:57:21Z,,,,,,,,No Data,No Data,No Data
281474997680884,2001,3AKJHHDR3TSWK9031,GF4K8JSJS6,2992,2939,2025-08-29T15:46:33Z,2025-08-29T15:46:05Z,,,,,,,,No Data,No Data,No Data
281474997820945,2005,3AKJHHDRXTSWK9043,GH26Y3E6VE,3544,1822,2025-08-29T15:46:40Z,2025-08-29T15:45:59Z,,6/16/2026,290.0,,,,,OK,No Data,No Data
