Vehicle_ID,Vehicle_Name,VIN,Serial,OBD_Odometer_Miles,GPS_Distance_Miles,Annual_Date,Annual_Days_Remaining,PM_Date,PM_Days_Remaining,PM_Insp_Date,PM_Insp_Days_Remaining,OBD_Last_Update,GPS_Last_Update,Annual_Alert,PM_Alert,PM_Insp_Alert
212014918171469,538,4V4NC9EH8KN902065,G6RHVSKJTR,1123322.0,1133188.0,6/5/2026,279.0,6/5/2025,-86.0,6/5/2025,-86.0,2025-08-29T14:25:46Z,2025-08-29T14:23:53Z,OK,OVERDUE,OVERDUE
212014918171616,1166,3AKJHHDR6LSLJ9925,G7T4AE689G,789100.0,968673.0,2/6/2026,160.0,6/26/2025,-65.0,6/26/2025,-65.0,2025-08-26T07:13:50Z,2025-08-26T06:59:52Z,OK,OVERDUE,OVERDUE
212014918171678,939,4V4NC9EH3JN894245,G5Z4JPNH42,1354012.0,1269172.0,11/13/2025,75.0,7/28/2025,-33.0,7/28/2025,-33.0,2025-08-29T15:16:45Z,2025-08-29T15:16:14Z,OK,OVERDUE,OVERDUE
212014918986210,121,1XP7DB9X86D640651,GU27MVWXWR,2120165.0,607087.0,12/23/2025,115.0,6/3/2025,-88.0,6/3/2025,-88.0,2025-08-29T13:15:48Z,2025-08-29T13:08:12Z,OK,OVERDUE,OVERDUE
278018081960309,1229,3AKJHHDR9MSMR8236,GZBVHS24GY,542943.0,548895.0,10/4/2025,35.0,05/23/2025,-99.0,05/23/2025,-99.0,2025-08-29T14:15:59Z,2025-08-29T14:21:23Z,WARNING,OVERDUE,OVERDUE
278018081960328,223,4V4NC9EH6LN265971,,398003.0,233611.0,8/29/2022,-1097.0,11/19/2021,-1380.0,11/19/2021,-1380.0,2022-04-18T17:15:34Z,2022-04-18T17:16:00Z,OVERDUE,OVERDUE,OVERDUE
278018081960330,1235,3AKJHHDR2MSMR8255,G7HF7GENWT,598115.0,598539.0,9/13/2025,14.0,7/8/2025,-53.0,7/8/2025,-53.0,2025-08-29T15:16:51Z,2025-08-29T15:16:32Z,CRITICAL,OVERDUE,OVERDUE
278018081960344,1644,3AKJHHDR8RSUX0774,,301478.0,545081.0,3/11/2026,193.0,2/5/25,,2/5/25,,2025-06-27T14:15:00Z,2025-06-27T02:51:54Z,OK,No Data,No Data
278018081960461,562,3AKJHHDR6MSMR8257,G59YN5MR7H,667155.0,664384.0,6/20/2026,294.0,8/11,,8/11,,2025-08-29T15:17:08Z,2025-08-29T15:16:17Z,OK,No Data,No Data
278018081960474,504,3AKJHHDR2PSNV2206,GFKZ2F8JGX,406625.0,669927.0,3/7/2026,189.0,05/23/25,,05/23/25,,2025-08-29T15:16:55Z,2025-08-29T15:16:12Z,OK,No Data,No Data
278018081960623,1631,3AKJHHDR5RSUX0764,G9ANC97MJW,313230.0,559961.0,3/5/2026,187.0,8/21/25,,8/21/25,,2025-08-29T15:16:42Z,2025-08-29T15:12:26Z,OK,No Data,No Data
278018081960782,1647,4V4NC9EH3RN641082,G855BR595V,281000.0,547968.0,5/20/2026,263.0,5/16/25,,5/16/25,,2025-08-15T14:53:56Z,2025-08-15T14:55:10Z,OK,No Data,No Data
278018081960985,1633,3AKJHHDR4RSUX0772,GHSBDAZF6C,255179.0,514991.0,03/21/2026,203.0,7/18/2025,-43.0,7/18/2025,-43.0,2025-08-29T15:16:41Z,2025-08-29T15:11:02Z,OK,OVERDUE,OVERDUE
278018081961084,1640,3AKJHHDR3RSUX0763,GSCP273HUA,342706.0,602252.0,3/1/2026,183.0,4/26/25,,4/26/25,,2025-08-29T13:45:52Z,2025-08-29T06:31:33Z,OK,No Data,No Data
281474976745688,547,4V4NC9TJ63N349293,GGGZ2PZJMK,1132283.0,309993.0,3/10/2026,192.0,2/13/23,,2/13/23,,2025-08-29T15:16:55Z,2025-08-29T13:12:43Z,OK,No Data,No Data
281474977087147,1206,4V4NC9EH6LN244490,G5H4GBFJZP,737822.0,738632.0,1/14/2026,137.0,6/23/2025,-68.0,6/23/2025,-68.0,2025-08-29T15:17:01Z,2025-08-29T15:16:20Z,OK,OVERDUE,OVERDUE
281474977277436,1227,3AKJHHDR5MSMR8234,GWMKMJUCZG,844677.0,846443.0,4/14/2023,-869.0,12/1/2022,-1003.0,12/1/2022,-1003.0,2025-08-29T15:17:02Z,2025-08-29T15:16:21Z,OVERDUE,OVERDUE,OVERDUE
281474977277436,1227,3AKJHHDR5MSMR8234,GWMKMJUCZG,844677.0,846443.0,3/12/2026,194.0,8/9/2025,-21.0,8/9/2025,-21.0,2025-08-29T15:17:02Z,2025-08-29T15:16:21Z,OK,OVERDUE,OVERDUE
281474977591745,1654,4V4NC9EH3RN641079,GGXJPWFAKH,271947.0,535641.0,4/18/2026,231.0,7/30/25,,7/30/25,,2025-08-29T15:16:56Z,2025-08-29T15:16:22Z,OK,No Data,No Data
281474977697220,1537,3AKJHHDR8MSMU3552,,276898.0,275440.0,5/7/2025,-115.0,05/07/2024,-480.0,05/07/2024,-480.0,2023-03-27T16:22:33Z,2023-03-27T16:30:20Z,OVERDUE,OVERDUE,OVERDUE
281474977840834,30 FORD,NM0GE9F25K1429951,G23UHHYF63,49838.0,44015.0,,,,,,,2025-08-29T14:38:40Z,2025-08-29T14:35:39Z,No Data,No Data,No Data
281474977973648,1284,3AKJHHDRXNSMX1757,GNCZCN45VD,561622.0,563051.0,1/17/2026,140.0,7/24/2025,-37.0,7/24/2025,-37.0,2025-08-29T02:02:45Z,2025-08-29T12:13:16Z,OK,OVERDUE,OVERDUE
281474977973890,1288,4V4NC9EH3NN298056,GWSJ9V76UA,837613.0,836837.0,10/18/2025,49.0,5/19/2025,-103.0,5/19/2025,-103.0,2025-08-29T15:17:05Z,2025-08-29T10:49:54Z,WARNING,OVERDUE,OVERDUE
281474977995777,1638,3AKJHHDRXRSUX0761,GAEV2FX8RF,236040.0,494630.0,6/17/2026,291.0,6/17/2025,-74.0,6/17/2025,-74.0,2025-08-29T03:48:53Z,2025-08-29T13:59:16Z,OK,OVERDUE,OVERDUE
281474978026844,1642,3AKJHHDR9RSUX0766,,335255.0,595758.0,2/14/2026,168.0,8/12/25,,8/12/25,,2025-08-20T13:40:45Z,2025-08-20T13:28:18Z,OK,No Data,No Data
281474978029673,505,3AKJHHDR5PSNV2183,GGWNRUYMYE,368532.0,673059.0,3/5/2026,187.0,6/27/2025,-64.0,6/27/2025,-64.0,2025-08-29T00:05:28Z,2025-08-29T10:15:42Z,OK,OVERDUE,OVERDUE
281474978105114,1606,4V4NC9EH7PN323883,G96SH6ACVJ,369834.0,586246.0,10/1/2025,32.0,7/30/25,,7/30/25,,2025-08-29T10:55:23Z,2025-08-29T13:20:26Z,WARNING,No Data,No Data
281474978272626,1344,1FUJHHDR8NLMX1915,GY75XWSPB3,528343.0,529088.0,3/10/2026,192.0,6/17/25,,6/17/25,,2025-08-19T18:18:46Z,2025-08-19T17:44:24Z,OK,No Data,No Data
281474978273127,1345,1FUJHHDRXNLMX1916,G63H3WF722,589181.0,590280.0,1/24/2026,147.0,3/25/25,,3/25/25,,2025-08-20T19:12:10Z,2025-08-21T05:22:52Z,OK,No Data,No Data
281474978598543,1353,3AKJHHDR3NSMX1972,GGMZ2PEBXD,638706.0,640655.0,7/3/2026,307.0,6/18/25,,6/18/25,,2025-08-29T15:16:40Z,2025-08-29T15:16:19Z,OK,No Data,No Data
281474978642463,1358,3AKJHHDR5NSMX1939,GEG9J33P7U,305858.0,308733.0,5/23/2026,266.0,8/19/25,,8/19/25,,2025-08-29T15:16:58Z,2025-08-29T15:16:23Z,OK,No Data,No Data
281474978660471,2485,3AKJGLDR6HSHW3578,,606569.0,30706.0,,,,,,,2021-11-15T19:27:01Z,2021-11-15T19:49:27Z,No Data,No Data,No Data
281474978666810,1365,3AKJHHDR9NSMX1975,G4BM4TRSZG,766935.0,768480.0,6/5/2026,279.0,7/23/2025,-38.0,7/23/2025,-38.0,2025-08-29T15:16:09Z,2025-08-29T15:15:43Z,OK,OVERDUE,OVERDUE
281474978677340,1944,3AKJHHDR2TSWK9005,GY23H3NP68,61917.0,553466.0,3/2/2026,184.0,8/23/25,,8/23/25,,2025-08-29T15:17:02Z,2025-08-29T15:16:40Z,OK,No Data,No Data
281474978823544,1365A,1FUJGLD5XGLGW1420,,749572.0,96280.0,,,,,,,2022-09-02T18:22:11Z,2022-09-02T18:04:39Z,No Data,No Data,No Data
281474978897190,31 FORD,NM0GE9F29K1419410,GGFJ4NVVEE,45125.0,39738.0,,,,,,,2025-08-29T00:27:04Z,2025-08-29T10:38:27Z,No Data,No Data,No Data
281474979301882,5042,4V4NC9EH6NN298018,,348163.0,348157.0,7/26/2025,-35.0,12/28/24,,12/28/24,,2025-04-18T17:24:22Z,2025-04-18T17:47:26Z,OVERDUE,No Data,No Data
281474979304509,5048,4V4NC9EH8NN298019,GFR4FVS6KS,446372.0,445027.0,10/18/2025,49.0,7/30/25,,7/30/25,,2025-08-29T15:16:56Z,2025-08-29T14:46:17Z,WARNING,No Data,No Data
281474979458904,5014,3AKJHHDRXNSNG7478,GRN6NYNZXT,460339.0,461990.0,10/4/2025,35.0,7/6/25,,7/6/25,,2025-08-29T15:16:59Z,2025-08-29T15:14:16Z,WARNING,No Data,No Data
281474980002522,5043,4V4NC9EH2NN308608,GRZ8VTT8FU,320248.0,319700.0,10/15/2025,46.0,3/26/2025,-157.0,3/26/2025,-157.0,2025-08-29T15:17:06Z,2025-08-29T15:16:24Z,WARNING,OVERDUE,OVERDUE
281474980114586,1437,4V4NC9EH8NN308581,GXZ739WM3W,296737.0,296722.0,11/03/2025,65.0,4/25/2025,-127.0,4/25/2025,-127.0,2025-08-29T15:16:53Z,2025-08-29T15:16:22Z,OK,OVERDUE,OVERDUE
281474980158116,1438,4V4NC9EHXNN308582,GPR49WPAEZ,433317.0,434967.0,12/3/2025,95.0,6/25/2025,-66.0,6/25/2025,-66.0,2025-08-13T00:22:52Z,2025-08-11T23:54:52Z,OK,OVERDUE,OVERDUE
281474980224616,5029,4V4NC9EH6NN308580,G3PVDSSVHW,506745.0,509862.0,11/12/2025,74.0,08/07/2025,-23.0,08/07/2025,-23.0,2025-08-29T14:39:39Z,2025-08-29T14:19:16Z,OK,OVERDUE,OVERDUE
281474980691606,1450,3AKJHHDR7PSNL7913,GHBVH852BM,291279.0,291508.0,11/22/2025,84.0,7/19/25,,7/19/25,,2025-08-29T14:48:36Z,2025-08-29T14:23:46Z,OK,No Data,No Data
281474980694053,1455,3AKJHHDR6PSNL7885,GJ67VFGUZW,293164.0,292051.0,01/28/2026,151.0,04/28/2025,-124.0,04/28/2025,-124.0,2025-08-27T12:17:09Z,2025-08-28T03:25:46Z,OK,OVERDUE,OVERDUE
281474980702166,5033,3AKJHHDR6PSNL7899,GZ39AGGHZX,482088.0,483751.0,04/08/2026,221.0,07/19/2025,-42.0,07/19/2025,-42.0,2025-08-29T15:08:46Z,2025-08-29T15:00:10Z,OK,OVERDUE,OVERDUE
281474980759919,1453,3AKJHHDR0PSNL7901,,298448.0,297566.0,03/26/2025,-157.0,3/26/2024,-522.0,3/26/2024,-522.0,2025-02-28T17:32:08Z,2025-02-28T20:19:06Z,OVERDUE,OVERDUE,OVERDUE
281474980820745,1460,3AKJHHDR3PSNL7911,G2UXRPRVHH,275417.0,274489.0,4/2/2026,215.0,6/5/2025,-86.0,6/5/2025,-86.0,2025-08-29T14:39:15Z,2025-08-29T14:24:22Z,OK,OVERDUE,OVERDUE
281474980847622,1441,4V4NC9EH9NN308606,GZ2ZT9PVMA,274395.0,250658.0,12/19/2025,111.0,7/23/2025,-38.0,7/23/2025,-38.0,2025-08-29T15:05:46Z,2025-08-29T15:05:32Z,OK,OVERDUE,OVERDUE
281474980886250,1451,3AKJHHDRXPSNL7906,GWPJKS2W5J,493045.0,492229.0,3/31/2026,213.0,7/2/25,,7/2/25,,2025-08-29T15:16:47Z,2025-08-29T15:16:37Z,OK,No Data,No Data
281474980940991,1908,3AKJHHDR2SSWC1903,GTVSDEGA5H,71552.0,354683.0,8/21/2026,356.0,8/21/2025,-9.0,8/21/2025,-9.0,2025-08-27T15:04:54Z,2025-08-28T01:15:18Z,OK,OVERDUE,OVERDUE
281474980983145,1469,3AKJHHDR8PSNL7886,,338578.0,336983.0,02/05/2026,159.0,11/23/2024,-280.0,11/23/2024,-280.0,2025-04-15T20:46:33Z,2025-04-15T20:54:23Z,OK,OVERDUE,OVERDUE
281474980983455,1470,3AKJHHDR1PSNL7888,,162722.0,163502.0,,,,,,,2023-11-29T16:43:16Z,2023-11-28T22:11:09Z,No Data,No Data,No Data
281474981030271,5032,3AKJHHDR0PSNL7946,GPWHVBADGS,431160.0,432295.0,2/5/2026,159.0,7/11/25,,7/11/25,,2025-08-29T14:59:53Z,2025-08-29T14:36:46Z,OK,No Data,No Data
281474981189295,1481,3AKJHHDR0PSNL7915,G4RZPWSCYA,315663.0,316814.0,3/6/2026,188.0,7/18/25,,7/18/25,,2025-08-22T13:26:00Z,2025-08-22T23:36:32Z,OK,No Data,No Data
281474981424002,5034,3AKJHHDR1PSNL7938,G9FK54D2E7,452933.0,453264.0,4/9/2026,222.0,8/7/25,,8/7/25,,2025-08-18T14:49:50Z,2025-08-19T00:59:57Z,OK,No Data,No Data
281474981424011,5027,3AKJHHDR8PSNL7922,GMEAS7ADUR,428966.0,429345.0,3/26/2026,208.0,5/5/25,,5/5/25,,2025-08-25T19:46:17Z,2025-08-26T16:51:58Z,OK,No Data,No Data
281474981456670,5046,3AKJHHDR8PSNL7967,GDXVR2M3RV,424792.0,425000.0,6/16/2026,290.0,6/17/25,,6/17/25,,2025-08-29T15:16:50Z,2025-08-29T15:16:27Z,OK,No Data,No Data
281474981468084,1494,3AKJHHDR4PSNL7920,GJXRRBY7SX,357865.0,358038.0,4/4/2026,217.0,6/10/2025,-81.0,6/10/2025,-81.0,2025-08-29T15:16:57Z,2025-08-29T15:16:21Z,OK,OVERDUE,OVERDUE
281474981483803,5017,3AKJHHDR7PSNL7958,,293785.0,293318.0,4/19/2025,-133.0,4/19/24,,4/19/24,,2025-02-05T18:38:41Z,2025-02-18T02:19:56Z,OVERDUE,No Data,No Data
281474981503871,5023,3AKJHHDR4PSNL7898,G8NAM4UWNK,459658.0,461459.0,3/31/2026,213.0,6/16/2025,-75.0,6/16/2025,-75.0,2025-08-29T15:16:59Z,2025-08-29T15:16:36Z,OK,OVERDUE,OVERDUE
281474981506463,27,1XKYD49X7NJ133245,,24425.0,13059.0,,,,,,,2022-08-05T12:40:59Z,2022-08-05T13:16:46Z,No Data,No Data,No Data
281474981535763,1500,3AKJHHDR3PSNL7892,G4ZUFTFZ4P,350724.0,352132.0,1/6/2026,129.0,8/13/25,,8/13/25,,2025-08-29T15:16:59Z,2025-08-29T15:16:17Z,OK,No Data,No Data
281474981540786,1641,3AKJHHDR7RSUX0765,GC2VZFPDKR,345510.0,427442.0,2/15/2026,169.0,7/24/25,,7/24/25,,2025-08-29T15:17:06Z,2025-08-29T15:16:37Z,OK,No Data,No Data
281474981577387,1503,3AKJHHDR6PSNL7904,G39KV56MUP,323778.0,326996.0,4/25/2026,238.0,4/25/25,,4/25/25,,2025-08-29T15:16:39Z,2025-08-29T15:16:21Z,OK,No Data,No Data
281474981577403,1502,3AKJHHDR4PSNL7982,,351665.0,351698.0,3/5/2026,187.0,,,,,2025-06-03T16:37:43Z,2025-06-03T18:15:24Z,OK,No Data,No Data
281474981577431,5024,3AKJHHDR0PSNL7932,GDN6P4BAN8,461897.0,463191.0,3/17/2026,199.0,6/18/25,,6/18/25,,2025-08-29T15:16:45Z,2025-08-29T15:16:21Z,OK,No Data,No Data
281474981597424,5036,3AKJHHDR0PSNL7963,GFR6DARU25,291918.0,292867.0,4/10/2026,223.0,6/23/25,,6/23/25,,2025-08-29T15:17:00Z,2025-08-29T15:16:45Z,OK,No Data,No Data
281474981601361,1510,3AKJHHDR6PSNL7918,GX8GBTCAS5,365117.0,366283.0,3/10/2026,192.0,7/24/25,,7/24/25,,2025-08-28T18:43:15Z,2025-08-28T21:52:35Z,OK,No Data,No Data
281474981626630,5030,3AKJHHDR1PSNL7955,,405867.0,407821.0,5/1/2026,244.0,6/24/25,,6/24/25,,2025-08-27T15:53:28Z,2025-08-27T18:24:18Z,OK,No Data,No Data
281474981626646,1509,3AKJHHDR8PSNL7905,G45V3AG2VX,526633.0,527288.0,3/19/2026,201.0,8/19/25,,8/19/25,,2025-08-29T14:45:44Z,2025-08-29T14:47:27Z,OK,No Data,No Data
281474981645680,1506,3AKJHHDR9PSNL7914,,350956.0,354686.0,4/25/2025,-127.0,1/13/25,,1/13/25,,2025-03-04T15:56:18Z,2025-03-04T17:26:14Z,OVERDUE,No Data,No Data
281474981650615,1508,3AKJHHDR3PSNL7956,,318431.0,319247.0,,,,,,,2025-04-09T20:34:42Z,2025-04-09T20:35:02Z,No Data,No Data,No Data
281474981823102,1532,4V4NC9EH5PN323851,G544CS37C2,379589.0,379009.0,2/27/2026,181.0,5/8/25,,5/8/25,,2025-08-28T21:24:37Z,2025-08-29T07:34:43Z,OK,No Data,No Data
281474981848876,1531,4V4NC9EH3PN323850,GFG23G9Y2N,299848.0,298566.0,4/25/2026,238.0,6/23/25,,6/23/25,,2025-08-29T15:17:00Z,2025-08-29T15:16:44Z,OK,No Data,No Data
281474981851542,1445,4V4NC9EJ1JN999188,GHBC8NH22R,637842.0,329931.0,5/12/2026,255.0,5/12/2025,-110.0,5/12/2025,-110.0,2025-08-29T01:02:07Z,2025-08-29T11:12:41Z,OK,OVERDUE,OVERDUE
281474982051945,1529,3AKJHHDR5PSNV2104,G6TMK8KV9T,303558.0,304778.0,7/11/2026,315.0,7/11/25,,7/11/25,,2025-08-29T15:16:53Z,2025-08-29T15:16:29Z,OK,No Data,No Data
281474982162149,1534,3AKJHHDR5PSNV2099,GH7BTJ4UAF,284993.0,285971.0,5/3/2026,246.0,6/14/2025,-77.0,6/14/2025,-77.0,2025-08-29T15:16:56Z,2025-08-29T15:15:18Z,OK,OVERDUE,OVERDUE
281474982197981,1535,3AKJHHDR3PSNV2103,,322765.0,320546.0,6/10/2026,284.0,6/10/25,,6/10/25,,2025-07-21T12:48:05Z,2025-07-21T13:09:55Z,OK,No Data,No Data
281474982198030,1536,1FUJHHDR8PLNV2111,,351207.0,350176.0,4/7/2026,220.0,4/7/25,,4/7/25,,2025-07-22T13:53:46Z,2025-07-22T17:04:53Z,OK,No Data,No Data
281474982367470,1566,4V4NC9EH0PN323871,,307757.0,307578.0,8/12/2025,-18.0,4/30/25,,4/30/25,,2025-06-17T14:25:27Z,2025-06-10T20:03:15Z,OVERDUE,No Data,No Data
281474982459056,1567,4V4NC9EH2PN323869,GUJ96SXV8H,344068.0,343588.0,5/5/2026,248.0,5/5/25,,5/5/25,,2025-08-29T10:47:32Z,2025-08-29T14:12:05Z,OK,No Data,No Data
281474982539333,5026,4V4NC9EH0PN323854,G8UFB68XZU,383968.0,384032.0,6/21/2026,295.0,7/7/25,,7/7/25,,2025-08-29T15:16:48Z,2025-08-29T15:16:47Z,OK,No Data,No Data
281474982596658,1538,3AKJHHDR6PSNV2094,GWVCGDREEU,318012.0,319427.0,5/13/2026,256.0,05/13/2025,-109.0,05/13/2025,-109.0,2025-08-22T22:10:25Z,2025-08-23T08:20:32Z,OK,OVERDUE,OVERDUE
281474982597066,1539,3AKJHHDRXPSNV2101,GK24D2T3PB,282731.0,283122.0,10/11/2025,42.0,7/23/25,,7/23/25,,2025-08-21T17:24:29Z,2025-08-20T15:06:16Z,WARNING,No Data,No Data
281474982637996,1573,4V4NC9EH0PN323868,G5REWWSXSD,303648.0,303479.0,6/24/2026,298.0,8/1/25,,8/1/25,,2025-08-29T15:01:11Z,2025-08-13T04:14:49Z,OK,No Data,No Data
281474982767074,1572,4V4NC9EH7PN323852,,262844.0,262656.0,6/20/2026,294.0,6/20/25,,6/20/25,,2025-06-20T18:24:43Z,2025-06-20T16:52:31Z,OK,No Data,No Data
281474982788989,1569,4V4NC9EH9PN323853,,330698.0,328361.0,8/21/2025,-9.0,4/24/25,,4/24/25,,2025-05-28T19:42:30Z,2025-05-28T20:52:21Z,OVERDUE,No Data,No Data
281474982903290,1575,4V4NC9EH2PN323855,G3CAVBCWR2,342951.0,342240.0,7/21/2026,325.0,6/17/2025,-74.0,6/17/2025,-74.0,2025-08-29T15:16:41Z,2025-08-29T15:16:34Z,OK,OVERDUE,OVERDUE
281474982931474,1558,1FUJHHDR5PLNV2115,,356721.0,355058.0,6/24/2026,298.0,6/25/2025,-66.0,6/25/2025,-66.0,2025-07-31T19:59:40Z,2025-07-31T20:27:37Z,OK,OVERDUE,OVERDUE
281474982931713,5045,1FUJHHDR2PLNV2119,GKVZYTRPBG,383909.0,383149.0,7/17/2026,321.0,4/26/25,,4/26/25,,2025-08-13T12:39:56Z,2025-08-14T23:35:35Z,OK,No Data,No Data
281474982943853,1553,3AKJHHDR1PSNV2102,,284657.0,285105.0,9/7/2025,8.0,4/8/25,,4/8/25,,2025-04-16T12:32:18Z,2025-04-16T14:03:20Z,CRITICAL,No Data,No Data
281474982980445,1547,3AKJHHDR0PSNV2091,GNP35B97M7,202870.0,203797.0,9/18/2025,19.0,7/21/25,,7/21/25,,2025-08-25T18:10:19Z,2025-08-26T04:21:10Z,CRITICAL,No Data,No Data
281474983109036,1591,4V4NC9EH8PN323875,GMPYST3CUP,273590.0,273469.0,7/30/2026,334.0,7/28/25,,7/28/25,,2025-08-29T12:20:30Z,2025-08-29T12:05:40Z,OK,No Data,No Data
281474983111952,1595,4V4NC9EH4PN323873,GRPEDJ2D9F,330341.0,329700.0,8/1/2026,336.0,5/21/2025,-101.0,5/21/2025,-101.0,2025-08-21T22:39:46Z,2025-08-22T08:50:33Z,OK,OVERDUE,OVERDUE
281474983157613,1602,4V4NC9EH1PN323880,GPKNDRKYAV,305849.0,306561.0,11/15/2025,77.0,4/17/25,,4/17/25,,2025-08-26T12:51:46Z,2025-08-23T17:43:51Z,OK,No Data,No Data
281474983170595,1592,4V4NC9EH3PN323878,GZ4RW28WA4,378549.0,378798.0,9/9/2025,10.0,7/9/25,,7/9/25,,2025-08-28T21:27:18Z,2025-08-29T07:37:42Z,CRITICAL,No Data,No Data
281474983170709,5028,4V4NC9EH1PN323877,GWVZFJBRUY,421349.0,420881.0,10/4/2025,35.0,4/25/2025,-127.0,4/25/2025,-127.0,2025-08-29T15:16:40Z,2025-08-29T15:16:21Z,WARNING,OVERDUE,OVERDUE
281474983221368,1576,1FUJHHDR4PLNV2140,,287509.0,287591.0,10/2/2025,33.0,11/14/2024,-289.0,11/14/2024,-289.0,2025-06-19T04:30:15Z,2025-06-19T04:30:36Z,WARNING,OVERDUE,OVERDUE
281474983240424,1579,1FUJHHDR1PLNV2144,,297676.0,299123.0,10/16/2025,47.0,1/13/25,,1/13/25,,2025-04-21T17:17:11Z,2025-04-21T18:33:00Z,WARNING,No Data,No Data
281474983257826,1580,1FUJHHDR7PLNV2147,GABGWTWY89,397029.0,397740.0,9/24/2025,25.0,4/26/25,,4/26/25,,2025-08-29T14:58:37Z,2025-08-29T07:27:50Z,CRITICAL,No Data,No Data
281474983298051,1582,1FUJHHDR7PLNV2150,GJFEVJ5GED,325660.0,325770.0,10/7/2025,38.0,5/22/25,,5/22/25,,2025-08-29T13:18:34Z,2025-08-29T13:04:41Z,WARNING,No Data,No Data
281474983298198,1588,1FUJHHDR4PLNV2168,GKCWGFTXD8,320349.0,318165.0,3/6/2026,188.0,8/19/25,,8/19/25,,2025-08-27T16:08:59Z,2025-08-28T02:19:14Z,OK,No Data,No Data
281474983298416,1585,1FUJHHDR2PLNV2167,,310468.0,310213.0,11/1/2025,63.0,5/20/25,,5/20/25,,2025-07-30T18:09:22Z,2025-07-30T18:18:50Z,OK,No Data,No Data
281474983299362,1607,4V4NC9EH3PN323881,,238324.0,238072.0,9/9/2025,10.0,5/16/24,,5/16/24,,2024-09-06T19:33:40Z,2024-09-06T21:14:22Z,CRITICAL,No Data,No Data
281474983300325,1561,1FUJHHDR9PLNV2120,GNK3PESWME,303052.0,302114.0,6/26/2026,300.0,6/26/25,,6/26/25,,2025-08-29T14:20:18Z,2025-08-29T14:15:25Z,OK,No Data,No Data
281474983312883,1577,1FUJHHDR8PLNV2142,GRSBJ8JB42,349124.0,349474.0,10/17/2025,48.0,7/3/25,,7/3/25,,2025-08-25T16:56:25Z,2025-08-26T03:06:11Z,WARNING,No Data,No Data
281474983334243,1590,1FUJHHDR5PLNV2177,GCYNZV6ZY5,351506.0,353093.0,11/11/2025,73.0,6/13/2025,-78.0,6/13/2025,-78.0,2025-08-29T15:17:07Z,2025-08-29T15:16:10Z,OK,OVERDUE,OVERDUE
281474983354048,5035,1FUJHHDR7PLNV2164,G3P3X2BWFM,355579.0,347167.0,10/26/2025,57.0,6/18/25,,6/18/25,,2025-08-29T15:16:58Z,2025-08-29T15:15:22Z,WARNING,No Data,No Data
281474983354072,1596,1FUJHHDR8PLNV2139,GKWJ9AFH5Z,320335.0,319801.0,10/26/2025,57.0,8/8/25,,8/8/25,,2025-08-29T15:16:59Z,2025-08-29T15:16:40Z,WARNING,No Data,No Data
281474983406677,1599,1FUJHHDR6PLNV2141,,54.0,1.0,,,,,,,2023-01-19T22:30:53Z,2023-01-19T22:30:53Z,No Data,No Data,No Data
281474983411640,1605,1FUJHHDR9PLNV2148,,300625.0,298983.0,9/26/2025,27.0,1/13/25,,1/13/25,,2025-01-27T22:08:50Z,2025-01-28T08:19:22Z,CRITICAL,No Data,No Data
281474983412108,5040,4V4NC9EH5PN323882,GSBY325VKN,364296.0,362624.0,9/6/2025,7.0,6/3/25,,6/3/25,,2025-08-29T15:17:04Z,2025-08-29T15:16:21Z,CRITICAL,No Data,No Data
281474983414451,1600,1FUJHHDR3PLNV2145,,754.0,1.0,,,,,,,2023-01-24T18:41:50Z,2023-01-24T18:42:13Z,No Data,No Data,No Data
281474983414459,1584,1FUJHHDR9PLNV2165,G7XEBE3Z6Y,318120.0,325379.0,1/13/2026,136.0,7/19/25,,7/19/25,,2025-08-25T19:52:41Z,2025-08-26T06:03:24Z,OK,No Data,No Data
281474983420115,1430,3AKJHHDR6NSMX1951,,395819.0,255864.0,3/4/2026,186.0,6/6/2025,-85.0,6/6/2025,-85.0,2025-07-29T13:55:49Z,2025-07-14T04:40:23Z,OK,OVERDUE,OVERDUE
281474983606842,1610,4V4NC9EH6PN323857,GAVS6TG29P,341091.0,340930.0,11/14/2025,76.0,6/23/2025,-68.0,6/23/2025,-68.0,2025-08-14T16:47:46Z,2025-08-15T02:58:01Z,OK,OVERDUE,OVERDUE
281474983630444,1611,4V4NC9EH0PN323885,G48GHAA9K2,295127.0,294441.0,10/4/2025,35.0,7/2/25,,7/2/25,,2025-08-27T19:17:23Z,2025-08-28T23:07:40Z,WARNING,No Data,No Data
281474983701259,1618,1FUJHHDR9PLNV2151,GVFPTXACE5,345691.0,346601.0,11/23/2025,85.0,7/31/25,,7/31/25,,2025-08-29T15:16:41Z,2025-08-29T15:14:01Z,OK,No Data,No Data
281474983707746,1621,1FUJHHDRXPLNV2160,GYK42C6CVH,350967.0,350288.0,11/9/2025,71.0,5/24/25,,5/24/25,,2025-08-29T15:16:48Z,2025-08-29T15:13:57Z,OK,No Data,No Data
281474983709241,1620,1FUJHHDR8PLNV2156,GA6VJKEX66,328334.0,328120.0,11/22/2025,84.0,2/26/25,,2/26/25,,2025-08-29T14:26:44Z,2025-08-29T14:07:26Z,OK,No Data,No Data
281474983776381,5059,4V4NC9EH4PN323856,GHM3VFXXCU,360987.0,359789.0,2/28/2026,182.0,7/9/25,,7/9/25,,2025-08-21T19:30:55Z,2025-08-22T05:41:24Z,OK,No Data,No Data
281474984082574,1624,4V4NC9EH6PN323874,GHNHB39H6X,389286.0,388992.0,11/18/2025,80.0,6/20/25,,6/20/25,,2025-08-28T20:41:47Z,2025-08-29T06:51:59Z,OK,No Data,No Data
281474984111463,1623,4V4NC9EH2PN323886,GPNSUVHK8Z,293323.0,292771.0,12/16/2025,108.0,11/4/24,,11/4/24,,2025-08-29T15:17:04Z,2025-08-29T15:16:36Z,OK,No Data,No Data
281474984157599,1622,3AKJHHDR5SSWC1913,,63.0,233571.0,9/16/2025,17.0,12/23/24,,12/23/24,,2025-03-18T19:33:20Z,2025-03-18T16:28:31Z,CRITICAL,No Data,No Data
281474984384125,1625,4V4NC9EHXPN323876,G2PUPXZVT2,335842.0,334542.0,11/21/2025,83.0,7/26/25,,7/26/25,,2025-08-27T14:30:04Z,2025-08-27T22:39:44Z,OK,No Data,No Data
281474984425260,1615,1FUJHHDR3PLNV2159,,250871.0,255466.0,9/23/2025,24.0,3/19/25,,3/19/25,,2025-05-06T21:11:44Z,2025-05-07T21:41:59Z,CRITICAL,No Data,No Data
281474984437861,550,1FUJHHDR4PLNV2137,GTUMVK27KM,579545.0,534752.0,5/10/2026,253.0,7/23/25,,7/23/25,,2025-08-29T15:17:02Z,2025-08-29T15:12:32Z,OK,No Data,No Data
281474984557023,1542,1FUJHHDR0PLNV2118,,311364.0,311437.0,2/3/2025,-208.0,12/7/24,,12/7/24,,2025-07-22T14:11:27Z,2025-07-22T14:11:37Z,OVERDUE,No Data,No Data
281474984662204,1555,3AKJHHDR0PSNV2107,G4DK8JTBNX,262894.0,263197.0,10/3/2025,34.0,8/20/25,,8/20/25,,2025-08-26T12:48:12Z,2025-08-23T18:10:44Z,WARNING,No Data,No Data
281474984662225,1551,3AKJHHDRXPSNV2096,GFKGSAMAYN,292772.0,293735.0,5/21/2026,264.0,8/5/25,,8/5/25,,2025-08-25T21:28:49Z,2025-08-25T21:59:31Z,OK,No Data,No Data
281474984925510,501,3AKJHHDR7PSNV2203,GMNXHSGCNY,411089.0,410944.0,2/11/2026,165.0,8/1/2025,-29.0,8/1/2025,-29.0,2025-08-29T12:27:42Z,2025-08-29T12:15:57Z,OK,OVERDUE,OVERDUE
281474984990601,1643,3AKJHHDR2RSUX0771,GUFSFNB6BH,331348.0,337048.0,1/29/2026,152.0,8/9/25,,8/9/25,,2025-08-29T15:16:56Z,2025-08-29T15:16:45Z,OK,No Data,No Data
281474985073059,503,3AKJHHDR0PSNV2205,G9A6TJRM6R,375569.0,375692.0,2/27/2026,181.0,7/17/2025,-44.0,7/17/2025,-44.0,2025-08-29T14:32:37Z,2025-08-29T14:15:20Z,OK,OVERDUE,OVERDUE
281474985239485,1626,3AKJHHDR6RSUX0756,GTJXJU6YCX,321912.0,321173.0,5/5/2026,248.0,8/26/25,,8/26/25,,2025-08-29T15:16:38Z,2025-08-29T15:15:50Z,OK,No Data,No Data
281474985449244,1645,3AKJHHDRXRSUX0775,G6Y68E5PS4,335389.0,335383.0,2/13/2026,167.0,7/22/25,,7/22/25,,2025-08-29T14:33:55Z,2025-08-29T05:47:14Z,OK,No Data,No Data
281474985449660,1639,3AKJHHDR1RSUX0762,GUTKEK765H,304501.0,304747.0,2/28/2026,182.0,8/15/25,,8/15/25,,2025-08-29T10:21:21Z,2025-08-29T01:44:49Z,OK,No Data,No Data
281474985462400,1636,3AKJHHDR4RSUX0769,GX2RN6SBRG,246919.0,247776.0,4/26/2026,239.0,4/25/25,,4/25/25,,2025-08-29T15:17:03Z,2025-08-29T12:17:49Z,OK,No Data,No Data
281474985492603,1630,3AKJHHDR8RSUX0760,GM2ST2C3MM,258174.0,258640.0,2/13/2026,167.0,7/21/25,,7/21/25,,2025-08-29T15:07:42Z,2025-08-29T14:42:10Z,OK,No Data,No Data
281474985494897,1637,3AKJHHDR6RSUX0773,GUDKCJFSVH,283393.0,284218.0,4/7/2026,220.0,8/9/25,,8/9/25,,2025-08-29T14:50:02Z,2025-08-29T14:45:42Z,OK,No Data,No Data
281474985497922,1629,3AKJHHDR1RSUX0759,G5B3BTZMMS,350497.0,351606.0,2/27/2026,181.0,8/8/25,,8/8/25,,2025-08-29T15:16:56Z,2025-08-29T15:16:26Z,OK,No Data,No Data
281474985510256,1634,3AKJHHDR2RSUX0768,GPX4A6XDYP,303984.0,304681.0,2/12/2026,166.0,7/21/25,,7/21/25,,2025-08-22T20:35:34Z,2025-08-23T06:46:18Z,OK,No Data,No Data
281474985529121,1635,3AKJHHDR0RSUX0767,GA7KGKP5JD,306511.0,305956.0,3/6/2026,188.0,6/24/25,,6/24/25,,2025-08-29T15:16:51Z,2025-08-29T15:16:55Z,OK,No Data,No Data
281474985628032,1648,4V4NC9EH5RN641083,G8WYVZFJ74,282414.0,279571.0,3/24/2026,206.0,7/25/25,,7/25/25,,2025-08-29T15:16:46Z,2025-08-29T15:16:28Z,OK,No Data,No Data
281474985693052,1646,4V4NC9EHXRN641080,G5RWYKW3PM,302142.0,302963.0,5/2/2026,245.0,7/7/25,,7/7/25,,2025-08-29T15:00:12Z,2025-08-29T14:58:22Z,OK,No Data,No Data
281474985715348,1649,4V4NC9EH7RN641084,GX29RXMV5E,307065.0,306140.0,3/28/2026,210.0,6/3/25,,6/3/25,,2025-08-29T15:16:59Z,2025-08-29T15:12:52Z,OK,No Data,No Data
281474985811681,1652,4V4NC9EH1RN641081,GZHRUC2CU8,299034.0,298936.0,3/14/2026,196.0,7/26/25,,7/26/25,,2025-08-29T14:38:11Z,2025-08-29T14:18:50Z,OK,No Data,No Data
281474985872350,1656,4V4NC9EH2RN641090,GN8N9ARRZ2,248040.0,248212.0,4/4/2026,217.0,1/20/25,,1/20/25,,2025-08-29T14:58:37Z,2025-08-29T13:59:22Z,OK,No Data,No Data
281474985881378,1655,4V4NC9EH6RN641092,GUHNXNG7RW,295394.0,294917.0,2/24/2026,178.0,8/20/25,,8/20/25,,2025-08-29T15:16:44Z,2025-08-29T15:16:21Z,OK,No Data,No Data
281474985981976,1660,3AKJHHDR5RSUX0778,GY4P79C3AS,313718.0,312401.0,4/3/2026,216.0,7/28/25,,7/28/25,,2025-08-29T11:49:02Z,2025-08-29T10:02:04Z,OK,No Data,No Data
281474986001054,1659,3AKJHHDR3RSUX0777,GUNU7YVUCF,240261.0,241082.0,4/22/2026,235.0,8/11/25,,8/11/25,,2025-08-29T15:16:58Z,2025-08-29T13:45:42Z,OK,No Data,No Data
281474986002020,1663,3AKJHHDR5RSUX0781,GMWGDFH546,204020.0,206763.0,3/3/2026,185.0,1/21/25,,1/21/25,,2025-08-28T20:31:31Z,2025-08-29T06:41:44Z,OK,No Data,No Data
281474986002193,1658,3AKJHHDR1RSUX0776,GYKWYD29BV,286162.0,285547.0,4/30/2026,243.0,7/24/25,,7/24/25,,2025-08-29T15:00:21Z,2025-08-29T14:55:35Z,OK,No Data,No Data
281474986002339,1662,3AKJHHDR3RSUX0780,GXGXP5YDRP,276381.0,276344.0,4/7/2026,220.0,6/11/25,,6/11/25,,2025-08-29T05:43:12Z,2025-08-29T05:36:10Z,OK,No Data,No Data
281474986002693,1665,3AKJHHDR9RSUX0783,GVFV9W98KV,297496.0,296186.0,5/5/2026,248.0,6/5/25,,6/5/25,,2025-08-29T14:38:04Z,2025-08-29T13:15:48Z,OK,No Data,No Data
281474986026417,1661,3AKJHHDR7RSUX0779,GK46HKG2H7,326681.0,327249.0,4/16/2026,229.0,8/15/25,,8/15/25,,2025-08-29T15:16:59Z,2025-08-29T15:16:35Z,OK,No Data,No Data
281474986027075,1667,3AKJHHDR2RSUX0785,G92NJV2RN2,40427.0,39133.0,6/17/2026,291.0,9/29/23,,9/29/23,,2025-08-14T13:26:56Z,2025-08-14T23:37:49Z,OK,No Data,No Data
281474986052426,1664,3AKJHHDR7RSUX0782,GHG7NRTUTT,278373.0,279141.0,5/14/2026,257.0,8/21/25,,8/21/25,,2025-08-29T02:04:32Z,2025-08-29T12:14:37Z,OK,No Data,No Data
281474986052451,1666,3AKJHHDR0RSUX0784,GSHXJ2RTZN,276397.0,276630.0,4/16/2026,229.0,4/16/25,,4/16/25,,2025-08-29T15:16:58Z,2025-08-29T15:16:44Z,OK,No Data,No Data
281474986098645,5050,4V4NC9EH4RN641091,G9BWSXJJPE,313429.0,313912.0,2/17/2026,171.0,6/30/25,,6/30/25,,2025-08-29T00:59:54Z,2025-08-29T00:53:20Z,OK,No Data,No Data
281474986098882,1653,4V4NC9EH1RN641078,GC999GD8US,299011.0,298496.0,2/7/2026,161.0,06/26,,06/26,,2025-08-29T15:16:48Z,2025-08-29T15:16:23Z,OK,No Data,No Data
281474986155746,1672,4V4NC9EH9RN641099,GRAURRAYCB,246674.0,246874.0,4/16/2026,229.0,6/10/25,,6/10/25,,2025-08-29T15:17:06Z,2025-08-29T15:16:30Z,OK,No Data,No Data
281474986160419,1669,4V4NC9EH5RN641097,GXE8TJVHXA,346072.0,346545.0,5/15/2026,258.0,5/15/25,,5/15/25,,2025-08-01T18:36:07Z,2025-08-01T18:36:30Z,OK,No Data,No Data
281474986171086,1671,4V4NC9EH7RN641098,G8BCBZ9DVA,325989.0,325148.0,3/28/2026,210.0,7/24/25,,7/24/25,,2025-08-29T15:17:06Z,2025-08-29T15:16:53Z,OK,No Data,No Data
281474986171125,1673,4V4NC9EH1RN641100,,306741.0,306133.0,3/31/2026,213.0,3/14/25,,3/14/25,,2025-06-17T12:20:24Z,2025-06-17T01:00:41Z,OK,No Data,No Data
281474986250745,1668,4V4NC9EH3RN641096,GF8GGXXZJR,283328.0,283031.0,5/9/2026,252.0,8/23/25,,8/23/25,,2025-08-25T21:33:42Z,2025-08-25T21:34:34Z,OK,No Data,No Data
281474986477751,1657,4V4NC9EHXRN641094,G6UW988GY6,324906.0,324441.0,4/8/2026,221.0,7/17/25,,7/17/25,,2025-08-29T14:52:04Z,2025-08-29T14:47:49Z,OK,No Data,No Data
281474986530521,1674,3AKJHHDR5RSUX0800,GVU6CB5W33,230545.0,231233.0,6/6/2026,280.0,8/8/25,,8/8/25,,2025-08-29T15:16:54Z,2025-08-29T15:16:47Z,OK,No Data,No Data
281474986559722,1675,3AKJHHDR7RSUX0801,GKCKZY3SPN,320453.0,316198.0,5/9/2026,252.0,7/30/25,,7/30/25,,2025-08-29T15:16:41Z,2025-08-29T15:16:22Z,OK,No Data,No Data
281474986561060,1677,3AKJHHDR0RSUX0803,G3W2BA9Y5A,281014.0,281295.0,6/3/2026,277.0,6/3/25,,6/3/25,,2025-08-29T15:17:05Z,2025-08-29T15:16:22Z,OK,No Data,No Data
281474986570212,1683,3AKJHHDR4RSUX0805,G5734AWWRZ,323686.0,323950.0,5/13/2026,256.0,8/8/25,,8/8/25,,2025-08-29T15:16:42Z,2025-08-29T15:01:49Z,OK,No Data,No Data
281474986570226,1676,3AKJHHDR9RSUX0802,GJF29YH45X,291538.0,291666.0,5/15/2026,258.0,7/28/25,,7/28/25,,2025-08-29T15:11:48Z,2025-08-29T14:43:55Z,OK,No Data,No Data
281474986607616,1682,3AKJHHDR2RSUX0804,GTV3RXPTEM,295782.0,296902.0,5/19/2026,262.0,7/30/25,,7/30/25,,2025-08-29T14:15:02Z,2025-08-29T14:06:22Z,OK,No Data,No Data
281474986607770,1679,3AKJHHDR9RSUX0797,G4737ESRZM,245514.0,245106.0,6/26/2026,300.0,8/22/25,,8/22/25,,2025-08-29T15:17:03Z,2025-08-29T15:16:49Z,OK,No Data,No Data
281474986610580,5044,3AKJHHDR7RSUX0796,GEVH3EUZCZ,354095.0,354082.0,7/26/2026,330.0,7/26/25,,7/26/25,,2025-08-29T14:31:47Z,2025-08-29T14:00:49Z,OK,No Data,No Data
281474986624579,1680,3AKJHHDR0RSUX0798,GGNPYN8BZN,329233.0,327390.0,5/7/2026,250.0,5/27/25,,5/27/25,,2025-08-29T15:16:33Z,2025-08-29T14:45:18Z,OK,No Data,No Data
281474986723203,1651,4V4NC9EH8RN641093,GZRFPJ5W9E,325785.0,325980.0,2/10/2026,164.0,6/14/2025,-77.0,6/14/2025,-77.0,2025-08-29T15:09:18Z,2025-08-29T14:12:09Z,OK,OVERDUE,OVERDUE
281474986742329,1690,3AKJHHDR1RSUX0812,G3UDHX9GYM,301991.0,300444.0,5/22/2026,265.0,8/21/25,,8/21/25,,2025-08-29T15:16:37Z,2025-08-29T15:01:28Z,OK,No Data,No Data
281474986759709,1689,3AKJHHDRXRSUX0811,GCTRD79AHD,268469.0,267661.0,7/3/2026,307.0,7/30/25,,7/30/25,,2025-08-29T15:00:51Z,2025-08-29T14:49:44Z,OK,No Data,No Data
281474986780430,1692,3AKJHHDR5RSUX0814,GABJF954XA,279096.0,279370.0,6/27/2026,301.0,8/26/25,,8/26/25,,2025-08-29T14:22:02Z,2025-08-29T13:35:44Z,OK,No Data,No Data
281474986780482,5041,3AKJHHDR8RSUX0810,GBSVPYT7VG,348484.0,346522.0,7/29/2026,333.0,06/21,,06/21,,2025-08-29T13:50:33Z,2025-08-29T13:11:01Z,OK,No Data,No Data
281474986916039,1686,3AKJHHDRXRSUX0808,G9XJ5UW3UW,216978.0,215971.0,2/13/2026,167.0,7/15/2025,-46.0,7/15/2025,-46.0,2025-08-29T15:16:40Z,2025-08-29T15:11:18Z,OK,OVERDUE,OVERDUE
281474986916047,5047,3AKJHHDR1RSUX0809,GWCUZK5DFC,298938.0,298324.0,1/30/2026,153.0,8/1/25,,8/1/25,,2025-08-29T15:16:56Z,2025-08-29T15:16:52Z,OK,No Data,No Data
281474986985236,1691,3AKJHHDR3RSUX0813,GYHN7M56ZN,287750.0,287860.0,5/20/2026,263.0,8/25/25,,8/25/25,,2025-08-29T14:03:20Z,2025-08-29T08:43:43Z,OK,No Data,No Data
281474986985243,1685,3AKJHHDR8RSUX0807,GA2UPWP7JW,95532.0,103537.0,3/29/2025,-154.0,03/29/24,,03/29/24,,2024-12-10T16:52:28Z,2024-12-10T18:11:42Z,OVERDUE,No Data,No Data
281474987019056,1698,4V4NC9EH6RN641108,,384824.0,384110.0,7/9/2026,313.0,7/9/2025,-52.0,7/9/2025,-52.0,2025-07-09T17:57:34Z,2025-07-08T19:22:32Z,OK,OVERDUE,OVERDUE
281474987025837,1697,4V4NC9EH4RN641107,GHRNDA3662,306400.0,305789.0,6/5/2026,279.0,6/5/2025,-86.0,6/5/2025,-86.0,2025-08-28T21:23:50Z,2025-08-29T07:34:13Z,OK,OVERDUE,OVERDUE
281474987025955,1696,4V4NC9EH2RN641106,GXW9BXGPBC,289333.0,288580.0,3/31/2026,213.0,6/18/25,,6/18/25,,2025-08-27T18:21:10Z,2025-08-27T18:36:16Z,OK,No Data,No Data
281474987038305,1701,3AKJHHDR9RSUX0816,GR9GWYREH7,320007.0,319833.0,3/27/2026,209.0,7/1/25,,7/1/25,,2025-08-18T15:57:12Z,2025-08-18T15:57:45Z,OK,No Data,No Data
281474987081814,1710,3AKJHHDRXRSUX0825,GWSS8FGFBM,265594.0,263760.0,3/31/2026,213.0,8/9/25,,8/9/25,,2025-08-29T15:17:01Z,2025-08-29T15:16:48Z,OK,No Data,No Data
281474987096255,1706,3AKJHHDR2RSUX0821,GXYP4RFCDW,296196.0,296727.0,1/10/2026,133.0,8/29/2025,-1.0,8/29/2025,-1.0,2025-08-29T15:15:49Z,2025-08-29T13:51:52Z,OK,OVERDUE,OVERDUE
281474987096280,1699,4V4NC9EH8RN641109,G78JCJG89N,337280.0,336522.0,6/9/2026,283.0,7/24/25,,7/24/25,,2025-08-29T14:57:09Z,2025-08-29T14:40:57Z,OK,No Data,No Data
281474987123905,1707,3AKJHHDR4RSUX0822,GW9GSHBW4Z,296914.0,297849.0,3/3/2026,185.0,6/30/25,,6/30/25,,2025-08-29T15:16:49Z,2025-08-29T15:16:30Z,OK,No Data,No Data
281474987123908,1702,3AKJHHDR0RSUX0817,GZZNKN2R7A,220142.0,218720.0,1/9/2026,132.0,5/28/25,,5/28/25,,2025-08-29T15:15:47Z,2025-08-29T15:06:19Z,OK,No Data,No Data
281474987126435,1705,3AKJHHDR0RSUX0820,G7CUYG6UMT,273150.0,271158.0,2/25/2026,179.0,5/13/25,,5/13/25,,2025-08-29T15:16:48Z,2025-08-29T15:16:42Z,OK,No Data,No Data
281474987138464,1704,3AKJHHDR4RSUX0819,GNB25YV3NP,329899.0,328497.0,3/21/2026,203.0,7/16/25,,7/16/25,,2025-08-29T15:16:51Z,2025-08-29T15:16:46Z,OK,No Data,No Data
281474987182454,1694,4V4NC9EH9RN641104,G65EPRHXMT,267638.0,272169.0,7/10/2026,314.0,8/11/25,,8/11/25,,2025-08-29T15:16:58Z,2025-08-29T15:16:49Z,OK,No Data,No Data
281474987184034,1695,4V4NC9EH0RN641105,GXH2CGKXJG,360567.0,359864.0,5/8/2026,251.0,8/4/25,,8/4/25,,2025-08-28T19:59:06Z,2025-08-29T07:02:53Z,OK,No Data,No Data
281474987184960,1708,3AKJHHDR6RSUX0823,GZWCKRGDCP,339745.0,339736.0,4/14/2026,227.0,6/26/25,,6/26/25,,2025-08-28T15:54:12Z,2025-08-28T16:21:54Z,OK,No Data,No Data
281474987204056,1700,4V4NC9EH4RN641110,GEG4MUJYDX,300030.0,299834.0,6/19/2026,293.0,7/23/2025,-38.0,7/23/2025,-38.0,2025-08-29T14:33:55Z,2025-08-29T14:28:03Z,OK,OVERDUE,OVERDUE
281474987223823,5039,3AKJHHDR8RSUX0824,GX8EYZ7T6H,262815.0,263860.0,5/30/2026,273.0,7/1/25,,7/1/25,,2025-08-22T15:54:21Z,2025-08-23T02:04:47Z,OK,No Data,No Data
281474987238485,1714,3AKJHHDRXRSUX0839,GPAZD3TJUU,210967.0,211348.0,4/24/2026,237.0,4/24/25,,4/24/25,,2025-06-03T16:24:42Z,2025-06-04T16:28:25Z,OK,No Data,No Data
281474987337675,1712,3AKJHHDR6RSUX0837,G6B7D6HTDB,270951.0,269416.0,05/06/2026,249.0,7/15/25,,7/15/25,,2025-08-29T15:16:46Z,2025-08-29T15:16:47Z,OK,No Data,No Data
281474987362142,1734,3AKJHHDR5RSUX0859,GR4MHVBRA5,252625.0,251670.0,5/21/2026,264.0,8/9/25,,8/9/25,,2025-08-29T15:16:42Z,2025-08-29T15:16:42Z,OK,No Data,No Data
281474987411834,1716,3AKJHHDR8RSUX0841,,208371.0,208675.0,9/9/2025,10.0,11/8/24,,11/8/24,,2025-02-28T17:43:42Z,2025-02-28T20:03:57Z,CRITICAL,No Data,No Data
281474987475004,1755,4V4NC9EH2RN652591,GUJW79NHKB,220215.0,220246.0,9/30/2025,31.0,7/14/25,,7/14/25,,2025-08-29T15:16:58Z,2025-08-29T15:16:34Z,WARNING,No Data,No Data
281474987481411,1752,4V4NC9EH2RN652588,G3MWWY7H9D,318519.0,317995.0,9/25/2025,26.0,6/16/2025,-75.0,6/16/2025,-75.0,2025-08-29T15:17:04Z,2025-08-29T14:35:14Z,CRITICAL,OVERDUE,OVERDUE
281474987481465,1753,4V4NC9EH4RN652589,GRHMXXH2MW,335247.0,333795.0,06/28/2026,302.0,6/29/2025,-62.0,6/29/2025,-62.0,2025-08-29T15:16:39Z,2025-08-29T15:16:39Z,OK,OVERDUE,OVERDUE
281474987481489,1751,4V4NC9EH0RN652587,GUMNKA8MYY,154429.0,156487.0,3/14/2026,196.0,6/30/2025,-61.0,6/30/2025,-61.0,2025-08-27T13:56:03Z,2025-08-28T17:06:06Z,OK,OVERDUE,OVERDUE
281474987502331,02,NM0LS7E26K1421242,GMTJUY3M42,75883.0,12421.0,,,,,,,2025-08-29T13:19:40Z,2025-08-29T13:19:29Z,No Data,No Data,No Data
281474987513774,1754,4V4NC9EH0RN652590,G6NM6FG4F3,297424.0,296885.0,08/06/2026,341.0,5/2/25,,5/2/25,,2025-08-28T22:30:52Z,2025-08-29T08:41:19Z,OK,No Data,No Data
281474987514711,1922,3AKJHHDR0TSWK8984,GFKA2Z4SEY,64600.0,283496.0,3/21/2026,203.0,8/26/25,,8/26/25,,2025-08-29T15:16:43Z,2025-08-29T15:16:49Z,OK,No Data,No Data
281474987600210,5001,3AKJHHDR4RSUX0853,GBM2HX6W55,360387.0,359926.0,4/29/2026,242.0,8/25/2025,-5.0,8/25/2025,-5.0,2025-08-29T15:16:48Z,2025-08-29T15:16:55Z,OK,OVERDUE,OVERDUE
281474987604314,1723,3AKJHHDR0RSUX0848,GXH8ZN6AKB,260138.0,260637.0,4/17/2026,230.0,8/25/25,,8/25/25,,2025-08-29T14:50:46Z,2025-08-29T14:02:07Z,OK,No Data,No Data
281474987616739,1730,3AKJHHDR8RSUX0855,GW354R99CN,252143.0,252164.0,5/9/2026,252.0,5/9/25,,5/9/25,,2025-08-25T13:13:21Z,2025-08-25T13:13:21Z,OK,No Data,No Data
281474987616771,5002,3AKJHHDR9RSUX0847,G25KUSGTVA,342448.0,341980.0,7/14/2026,318.0,8/8/2025,-22.0,8/8/2025,-22.0,2025-08-29T14:37:09Z,2025-08-29T14:41:18Z,OK,OVERDUE,OVERDUE
281474987618924,1724,3AKJHHDR2RSUX0849,GEKENGWDKN,244535.0,245003.0,5/12/2026,255.0,5/12/25,,5/12/25,,2025-08-29T15:17:05Z,2025-08-29T15:16:29Z,OK,No Data,No Data
281474987631846,1725,3AKJHHDR9RSUX0850,GGS3MY3GDD,274952.0,274941.0,6/25/2026,299.0,5/30/25,,5/30/25,,2025-08-29T14:58:12Z,2025-08-29T14:44:03Z,OK,No Data,No Data
281474987656892,1727,3AKJHHDR2RSUX0852,GFXFA2WEJK,267412.0,267845.0,5/29/2026,272.0,7/12/25,,7/12/25,,2025-08-29T15:17:05Z,2025-08-29T15:16:45Z,OK,No Data,No Data
281474987676622,1670,4V4NC9EH1RN641095,G45RC76HAJ,183514.0,183904.0,9/19/2025,20.0,11/20/24,,11/20/24,,2025-08-29T15:04:52Z,2025-08-29T14:56:03Z,CRITICAL,No Data,No Data
281474987794334,1733,3AKJHHDR3RSUX0858,GSGJGUH8DH,268099.0,266518.0,5/8/2026,251.0,08/12/2025,-18.0,08/12/2025,-18.0,2025-08-25T19:01:41Z,2025-08-25T20:15:59Z,OK,OVERDUE,OVERDUE
281474987829799,1740,3AKJHHDR0RSUX0865,GFC92MDUFU,189144.0,190649.0,5/28/2026,271.0,7/28/2025,-33.0,7/28/2025,-33.0,2025-08-29T15:16:55Z,2025-08-29T15:12:34Z,OK,OVERDUE,OVERDUE
281474987840509,1737,3AKJHHDR5RSUX0862,GESPDYM7NK,280585.0,280786.0,3/24/2026,206.0,7/16/25,,7/16/25,,2025-08-29T15:16:46Z,2025-08-29T12:30:47Z,OK,No Data,No Data
281474987841632,1736,3AKJHHDR3RSUX0861,GGW7D6CNNW,210490.0,209414.0,5/7/2026,250.0,6/21/25,,6/21/25,,2025-08-29T15:16:51Z,2025-08-29T15:16:33Z,OK,No Data,No Data
281474987842890,1721,3AKJHHDR7RSUX0846,GNKBF2Y4D2,316468.0,316728.0,5/2/2026,245.0,8/8/25,,8/8/25,,2025-08-29T15:15:38Z,2025-08-29T15:13:21Z,OK,No Data,No Data
281474987898102,1735,3AKJHHDR1RSUX0860,GSBWNFHV76,204441.0,204679.0,6/17/2026,291.0,6/17/25,,6/17/25,,2025-08-29T00:57:47Z,2025-08-29T00:57:47Z,OK,No Data,No Data
281474987904123,1739,3AKJHHDR9RSUX0864,G94RKY63A9,183743.0,182571.0,4/19/2026,232.0,8/15/25,,8/15/25,,2025-08-20T20:08:58Z,2025-08-21T06:19:49Z,OK,No Data,No Data
281474987904656,1731,3AKJHHDRXRSUX0856,GZFW3GGB7T,175071.0,173984.0,3/4/2026,186.0,5/22/25,,5/22/25,,2025-08-29T15:16:44Z,2025-08-29T14:10:40Z,OK,No Data,No Data
281474987957013,1738,3AKJHHDR7RSUX0863,GNZAJH8XEP,270981.0,269694.0,6/24/2026,298.0,8/22/25,,8/22/25,,2025-08-29T15:17:01Z,2025-08-29T15:16:31Z,OK,No Data,No Data
281474988098385,01 RAM,3C6TRVDG8KE521671,GNNNPMJHHC,0.0,10749.0,,,,,,,,2025-08-29T06:22:55Z,No Data,No Data,No Data
281474988147009,1729,3AKJHHDR6RSUX0854,GX2CZ44SYK,244260.0,244504.0,4/11/2026,224.0,8/8/25,,8/8/25,,2025-08-29T01:57:02Z,2025-08-29T12:07:33Z,OK,No Data,No Data
281474988273274,502,3AKJHHDR9PSNV2204,GFMHNG83FH,315221.0,277984.0,1/24/2018,-2775.0,,,,,2025-08-04T13:24:15Z,2025-08-04T13:24:16Z,OVERDUE,No Data,No Data
281474988273274,502,3AKJHHDR9PSNV2204,GFMHNG83FH,315221.0,277984.0,1/10/2026,133.0,5/14/2025,-108.0,5/14/2025,-108.0,2025-08-04T13:24:15Z,2025-08-04T13:24:16Z,OK,OVERDUE,OVERDUE
281474988325869,1381,1XPBDP9X8ND794329,,284304.0,8643.0,5/17/2025,-105.0,3/20/24,,3/20/24,,2025-02-10T19:32:38Z,2025-02-10T19:45:26Z,OVERDUE,No Data,No Data
281474988328332,1275,3AKJHHDR6MSMU3520,GRJ26CFGRY,733018.0,336227.0,10/28/2025,59.0,8/10/2025,-20.0,8/10/2025,-20.0,2025-08-29T15:15:32Z,2025-08-29T15:10:32Z,WARNING,OVERDUE,OVERDUE
281474988833418,5008,4V4NC9EH3JN894133,G9JE9NWXKM,749775.0,159906.0,3/6/26,,11/16/2024,-287.0,11/16/2024,-287.0,2025-08-29T15:17:04Z,2025-08-29T13:27:23Z,No Data,OVERDUE,OVERDUE
281474988994810,1432,3AKJHHDRXNSMX1953,G4Z9KH559N,568069.0,280872.0,,,,,,,2025-08-29T15:17:09Z,2025-08-29T15:16:43Z,No Data,No Data,No Data
281474989177482,1380,1XPBDP9X6ND794328,,292383.0,55553.0,6/4/2025,-87.0,6/4/24,,6/4/24,,2025-02-10T20:36:04Z,2025-02-10T20:56:28Z,OVERDUE,No Data,No Data
281474989283455,1758,3AKJHHDR9RSUX0878,GEJ2ANWR2H,216492.0,216931.0,8/23/2026,358.0,8/23/2025,-7.0,8/23/2025,-7.0,2025-08-29T14:57:28Z,2025-08-29T14:52:27Z,OK,OVERDUE,OVERDUE
281474989286091,1203,4V4NC9EH3MN271275,G6RKTDJVYV,840665.0,261139.0,11/8/2025,70.0,8/7/2025,-23.0,8/7/2025,-23.0,2025-08-29T12:55:38Z,2025-08-29T12:42:11Z,OK,OVERDUE,OVERDUE
281474989292564,1763,3AKJHHDR2RSUX0883,GFRM5B996M,221194.0,221439.0,8/19/2026,354.0,6/24/2025,-67.0,6/24/2025,-67.0,2025-08-28T13:19:41Z,2025-08-28T23:30:08Z,OK,OVERDUE,OVERDUE
281474989293388,1761,3AKJHHDR9RSUX0881,GGEX4G5U3H,223632.0,222038.0,8/15/2026,350.0,8/15/2025,-15.0,8/15/2025,-15.0,2025-08-29T14:42:09Z,2025-08-29T14:39:58Z,OK,OVERDUE,OVERDUE
281474989294377,1764,3AKJHHDR4RSUX0884,GY4AB5JMYS,179980.0,178944.0,8/21/2026,356.0,8/21/2025,-9.0,8/21/2025,-9.0,2025-08-29T15:16:48Z,2025-08-29T14:54:06Z,OK,OVERDUE,OVERDUE
281474989296656,1756,3AKJHHDR5RSUX0876,GCRGTSCE46,227735.0,227765.0,9/11/2025,12.0,5/27/2025,-95.0,5/27/2025,-95.0,2025-08-29T15:17:02Z,2025-08-29T15:16:43Z,CRITICAL,OVERDUE,OVERDUE
281474989358533,1771,3AKJHHDR0RSUX0901,GE9MM6MNPP,228289.0,228360.0,8/20/2026,355.0,8/20/2025,-10.0,8/20/2025,-10.0,2025-08-29T15:17:06Z,2025-08-29T14:40:09Z,OK,OVERDUE,OVERDUE
281474989361340,5010,3AKJHHDR0RSUX0770,,163009.0,26798.0,,,,,,,2024-08-26T21:59:40Z,2024-07-10T02:19:05Z,No Data,No Data,No Data
281474989376079,1776,3AKJHHDRXRSUX0906,GJKCGSRGVE,211387.0,211899.0,10/21/2025,52.0,4/8/25,,4/8/25,,2025-08-29T15:16:46Z,2025-08-29T15:16:32Z,WARNING,No Data,No Data
281474989386661,1773,3AKJHHDR4RSUX0903,GZH3SA5D39,237151.0,235625.0,10/28/2025,59.0,8/16/25,,8/16/25,,2025-08-29T15:16:47Z,2025-08-29T15:16:31Z,WARNING,No Data,No Data
281474989434506,5011,3AKJHHDRXRSUX0887,G94DWTTA3M,237968.0,236434.0,9/14/2025,15.0,7/1/2025,-60.0,7/1/2025,-60.0,2025-08-23T16:42:53Z,2025-08-24T02:53:53Z,CRITICAL,OVERDUE,OVERDUE
281474989443385,1775,3AKJHHDR8RSUX0905,GHDEX8H3GN,229883.0,230345.0,1/2/2026,125.0,7/9/2025,-52.0,7/9/2025,-52.0,2025-08-29T15:16:38Z,2025-08-29T11:10:57Z,OK,OVERDUE,OVERDUE
281474989466269,1772,3AKJHHDR2RSUX0902,GDZXPX78JV,179220.0,178226.0,,,5/30/2025,-92.0,5/30/2025,-92.0,2025-08-29T14:36:31Z,2025-08-29T14:26:08Z,No Data,OVERDUE,OVERDUE
281474989468076,1777,3AKJHHDR1RSUX0907,GG9XPEEGNA,236805.0,235063.0,8/1/2026,336.0,6/18/2025,-73.0,6/18/2025,-73.0,2025-08-29T15:16:47Z,2025-08-29T14:41:39Z,OK,OVERDUE,OVERDUE
281474989469214,1774,3AKJHHDR6RSUX0904,GF4PJ6TMV9,198914.0,199530.0,7/1/2026,305.0,7/1/25,,7/1/25,,2025-08-29T15:16:50Z,2025-08-29T15:15:40Z,OK,No Data,No Data
281474989593862,1226,3AKJHHDR2MSMR8188,G82DSHWESX,809153.0,299169.0,8/12/2026,347.0,8/12/2025,-18.0,8/12/2025,-18.0,2025-08-29T15:16:50Z,2025-08-29T15:10:11Z,OK,OVERDUE,OVERDUE
281474989961683,5013,4V4NC9EH5NN298057,GYUU5HBWZ3,606211.0,244714.0,4/29/2026,242.0,7/11/2025,-50.0,7/11/2025,-50.0,2025-08-29T15:17:01Z,2025-08-29T15:16:59Z,OK,OVERDUE,OVERDUE
281474990040034,1799,3AKJHHDR1SSVP9499,GFDEADADZP,140596.0,139659.0,1/30/2026,153.0,5/9/2025,-113.0,5/9/2025,-113.0,2025-08-27T16:33:49Z,2025-08-28T02:44:04Z,OK,OVERDUE,OVERDUE
281474990046459,1797,3AKJHHDR8SSVP9497,GDFMEAK53P,218323.0,219061.0,2/11/2026,165.0,07/15,,07/15,,2025-08-29T15:16:49Z,2025-08-29T15:16:40Z,OK,No Data,No Data
281474990050313,1798,3AKJHHDRXSSVP9498,GXFJP5ZUWU,199875.0,201958.0,2/14/2026,168.0,8/14/2025,-16.0,8/14/2025,-16.0,2025-08-29T13:31:24Z,2025-08-29T13:19:59Z,OK,OVERDUE,OVERDUE
281474990050617,1813,3AKJHHDR6SSVP9501,GN57REJAHU,84197.0,84802.0,2/13/2026,167.0,,,,,2025-08-18T23:34:55Z,2025-08-19T09:45:25Z,OK,No Data,No Data
281474990075833,1806,3AKJHHDR5SSVP9506,GKAXANY2YN,208081.0,208729.0,3/19/2026,201.0,8/18/2025,-12.0,8/18/2025,-12.0,2025-08-25T18:53:10Z,2025-08-26T05:04:09Z,OK,OVERDUE,OVERDUE
281474990157298,1804,3AKJHHDR1SSVP9504,GTJ4BK9ANF,192188.0,193051.0,1/31/2026,154.0,4/28/2025,-124.0,4/28/2025,-124.0,2025-08-29T00:16:20Z,2025-08-29T11:00:11Z,OK,OVERDUE,OVERDUE
281474990157615,1816,4V4NC9EH0SN668665,GDFXPKBAHJ,181506.0,182253.0,3/27/2026,209.0,5/12/2025,-110.0,5/12/2025,-110.0,2025-08-29T15:17:00Z,2025-08-29T15:16:51Z,OK,OVERDUE,OVERDUE
281474990159530,1802,3AKJHHDR8SSVP9502,GMRKBJPUFJ,188871.0,187904.0,2/3/2026,157.0,7/25/2025,-36.0,7/25/2025,-36.0,2025-08-29T15:14:05Z,2025-08-29T14:06:11Z,OK,OVERDUE,OVERDUE
281474990219039,1805,3AKJHHDR3SSVP9505,GBY6DMX7NS,253249.0,255609.0,3/18/2026,200.0,5/30/2025,-92.0,5/30/2025,-92.0,2025-08-29T15:16:43Z,2025-08-29T15:16:09Z,OK,OVERDUE,OVERDUE
281474990223899,1803,3AKJHHDRXSSVP9503,GCF6FAEMVU,184416.0,185079.0,2/27/2026,181.0,7/11/2025,-50.0,7/11/2025,-50.0,2025-08-29T15:16:01Z,2025-08-29T15:04:00Z,OK,OVERDUE,OVERDUE
281474990245756,1815,4V4NC9EH4SN668667,GJUXZKV45S,212059.0,212513.0,4/2/2026,215.0,6/20/2025,-71.0,6/20/2025,-71.0,2025-08-29T15:17:00Z,2025-08-29T15:15:47Z,OK,OVERDUE,OVERDUE
281474990246018,03 SPRINTER,WD4PF1CD7KP120167,GCASKPCY2U,0.0,12367.0,,,,,,,,2025-08-28T01:13:35Z,No Data,No Data,No Data
281474990272457,1814,4V4NC9EH9SN668664,GEGFEUWTU2,189232.0,190015.0,3/7/2026,189.0,8/6/2025,-24.0,8/6/2025,-24.0,2025-08-29T14:30:30Z,2025-08-29T14:13:09Z,OK,OVERDUE,OVERDUE
281474990287918,1812,3AKJHHDR4SSVP9500,GGMKVUDV84,161799.0,162505.0,2/4/2026,158.0,8/22/2025,-8.0,8/22/2025,-8.0,2025-08-29T15:16:43Z,2025-08-29T15:15:50Z,OK,OVERDUE,OVERDUE
281474990288013,5022,4V4NC9EH2SN668666,G6X5VFT6GC,205235.0,205733.0,4/28/2026,241.0,7/25/2026,329.0,7/25/2026,329.0,2025-08-26T19:47:57Z,2025-08-26T20:11:33Z,OK,OK,OK
281474990345582,1822,4V4NC9EH8SN668672,GCJW4M27YK,136347.0,137121.0,3/17/2026,199.0,6/30/2025,-61.0,6/30/2025,-61.0,2025-08-29T15:16:52Z,2025-08-29T15:15:53Z,OK,OVERDUE,OVERDUE
281474990357469,5020,4V4NC9EH4SN668670,GB66SY5GKD,265650.0,266497.0,3/10/2026,192.0,5/14/2025,-108.0,5/14/2025,-108.0,2025-08-29T15:16:45Z,2025-08-29T15:15:50Z,OK,OVERDUE,OVERDUE
281474990453261,5015,3AKJGLFG8KDKG7097,,671306.0,168933.0,5/7/2026,250.0,5/21/2025,-101.0,5/21/2025,-101.0,2025-07-22T22:03:33Z,2025-07-22T22:24:46Z,OK,OVERDUE,OVERDUE
281474990502104,1819,4V4NC9EH6SN668668,GWJV82KRVD,178732.0,179612.0,4/18/2026,231.0,6/27/2025,-64.0,6/27/2025,-64.0,2025-08-29T15:16:50Z,2025-08-29T15:16:06Z,OK,OVERDUE,OVERDUE
281474990509509,5016,4V4NC9EH7JN888903,,699831.0,157686.0,5/16/25,,2/19/2025,-192.0,2/19/2025,-192.0,2025-02-24T17:26:51Z,2025-02-24T17:36:17Z,No Data,OVERDUE,OVERDUE
281474990518754,1821,4V4NC9EH6SN668671,GPM26PS7PD,153664.0,154438.0,4/21/2026,234.0,8/27/25,,8/27/25,,2025-08-29T15:12:36Z,2025-08-29T14:41:06Z,OK,No Data,No Data
281474990592714,1824,4V4NC9EH1SN668674,GZY388MUHE,162090.0,162274.0,3/17/2026,199.0,7/29/2025,-32.0,7/29/2025,-32.0,2025-08-29T14:12:38Z,2025-08-29T14:05:19Z,OK,OVERDUE,OVERDUE
281474990689816,5019,3AKJHHDR8KSKF3405,GMKBWPKKZH,718865.0,158214.0,5/3/2026,246.0,8/12/25,,8/12/25,,2025-08-29T14:51:08Z,2025-08-29T03:10:59Z,OK,No Data,No Data
281474990711404,1830,4V4NC9EH0SN668679,GRWBT3RZ64,167057.0,168476.0,5/7/2026,250.0,6/30/2025,-61.0,6/30/2025,-61.0,2025-08-29T15:16:46Z,2025-08-29T15:15:44Z,OK,OVERDUE,OVERDUE
281474990719146,1828,4V4NC9EH3SN668675,GYVDPA9MA7,205194.0,205054.0,4/15/2026,228.0,7/9/2025,-52.0,7/9/2025,-52.0,2025-08-23T01:56:09Z,2025-08-23T02:07:06Z,OK,OVERDUE,OVERDUE
281474990724724,1827,4V4NC9EH7SN668677,G84B4MZYJG,163322.0,164293.0,5/23/2026,266.0,8/19/2025,-11.0,8/19/2025,-11.0,2025-08-29T15:16:36Z,2025-08-29T15:14:49Z,OK,OVERDUE,OVERDUE
281474990759996,1832,4V4NC9EH9SN668681,GW56P5E5A5,156035.0,156841.0,4/22/2026,235.0,7/19/2025,-42.0,7/19/2025,-42.0,2025-08-29T15:16:54Z,2025-08-29T15:15:59Z,OK,OVERDUE,OVERDUE
281474990787465,1834,4V4NC9EH5SN668676,GAKS683S5J,173090.0,173582.0,4/4/2026,217.0,6/12/2025,-79.0,6/12/2025,-79.0,2025-08-29T15:17:09Z,2025-08-29T15:15:54Z,OK,OVERDUE,OVERDUE
281474990828351,1829,4V4NC9EH9SN668678,G3PTPSTSGM,152207.0,153027.0,5/27/2026,270.0,8/22/2025,-8.0,8/22/2025,-8.0,2025-08-29T13:35:24Z,2025-08-29T13:25:59Z,OK,OVERDUE,OVERDUE
281474990830276,1849,3AKJHHDR2SSVW9726,GWAXPZG2UK,176331.0,175423.0,4/7/2026,220.0,6/26/2025,-65.0,6/26/2025,-65.0,2025-08-29T15:17:01Z,2025-08-29T15:14:54Z,OK,OVERDUE,OVERDUE
281474990860616,1846,3AKJHHDR7SSVW9723,GFKURVA7CC,146152.0,146899.0,3/13/2026,195.0,8/7/2025,-23.0,8/7/2025,-23.0,2025-08-29T14:54:28Z,2025-08-29T14:49:41Z,OK,OVERDUE,OVERDUE
281474990877326,1847,3AKJHHDR9SSVW9724,GYMJ8SBJAE,194816.0,195366.0,6/16/2026,290.0,8/27/2025,-3.0,8/27/2025,-3.0,2025-08-29T15:17:01Z,2025-08-29T15:16:03Z,OK,OVERDUE,OVERDUE
281474990886682,1852,3AKJHHDR8SSVW9729,GES3BJJBXV,187207.0,186151.0,5/3/2026,246.0,7/29/2025,-32.0,7/29/2025,-32.0,2025-08-29T15:12:42Z,2025-08-29T15:08:12Z,OK,OVERDUE,OVERDUE
281474990937147,1833,4V4NC9EH0SN668682,GSB5H3Z7DK,127990.0,127089.0,5/16/2026,259.0,07/29,,07/29,,2025-08-29T12:30:51Z,2025-08-29T12:25:04Z,OK,No Data,No Data
281474990980572,1856,3AKJHHDRXSSVW9733,GPRVWWB5MD,136566.0,135638.0,6/18/2026,292.0,6/18/2025,-73.0,6/18/2025,-73.0,2025-08-25T09:28:49Z,2025-08-25T19:39:07Z,OK,OVERDUE,OVERDUE
281474990988506,1857,3AKJHHDR1SSVW9734,GH5XH8EDJB,139818.0,138879.0,3/27/2026,209.0,7/16/2025,-45.0,7/16/2025,-45.0,2025-08-29T14:13:10Z,2025-08-29T13:49:39Z,OK,OVERDUE,OVERDUE
281474990991435,1866,3AKJHHDR2SSVW9743,GSVMHD43CF,142001.0,141203.0,4/24/2026,237.0,6/6/2025,-85.0,6/6/2025,-85.0,2025-08-29T15:17:09Z,2025-08-29T15:15:59Z,OK,OVERDUE,OVERDUE
281474990991435,1866,3AKJHHDR2SSVW9743,GSVMHD43CF,142001.0,141203.0,4/24/2026,237.0,6/6/2025,-85.0,6/6/2025,-85.0,2025-08-29T15:17:09Z,2025-08-29T15:15:59Z,OK,OVERDUE,OVERDUE
281474990991900,1859,3AKJHHDR5SSVW9736,G7SME75ZVR,139445.0,138173.0,4/19/2026,232.0,8/21/2025,-9.0,8/21/2025,-9.0,2025-08-29T12:52:21Z,2025-08-29T12:48:59Z,OK,OVERDUE,OVERDUE
281474991004603,1864,3AKJHHDR9SSVW9741,G6UV344W9K,178536.0,177906.0,6/6/2026,280.0,7/16/2025,-45.0,7/16/2025,-45.0,2025-08-18T19:50:07Z,2025-08-19T06:00:32Z,OK,OVERDUE,OVERDUE
281474991016344,1836,4V4NC9EH8SN668686,GYESHW4XMH,145061.0,145056.0,5/6/2026,249.0,5/6/2025,-116.0,5/6/2025,-116.0,2025-08-29T11:17:20Z,2025-08-29T10:48:30Z,OK,OVERDUE,OVERDUE
281474991017016,1835,4V4NC9EH6SN668685,GGRZF4UUGK,183296.0,184230.0,6/10/2026,284.0,6/26/25,,6/26/25,,2025-08-28T23:34:59Z,2025-08-29T09:45:02Z,OK,No Data,No Data
281474991017785,1838,4V4NC9EH2SN668683,G22Z3VN96F,126052.0,126832.0,5/12/2026,255.0,5/12/25,,5/12/25,,2025-08-29T14:23:38Z,2025-08-29T14:18:30Z,OK,No Data,No Data
281474991030146,1839,4V4NC9EH4SN668684,GG6YPU52RH,144995.0,145193.0,4/19/2026,232.0,7/1/25,,7/1/25,,2025-08-29T12:15:00Z,2025-08-29T11:59:16Z,OK,No Data,No Data
281474991041780,1837,4V4NC9EHXSN668687,GB4A2DTGFR,177248.0,177496.0,5/22/2026,265.0,8/13/2025,-17.0,8/13/2025,-17.0,2025-08-29T15:15:48Z,2025-08-29T14:07:57Z,OK,OVERDUE,OVERDUE
281474991094011,1823,4V4NC9EHXSN668673,GZHVKZF32T,200111.0,201078.0,5/12/2026,255.0,8/9/2025,-21.0,8/9/2025,-21.0,2025-08-29T15:00:58Z,2025-08-29T12:45:12Z,OK,OVERDUE,OVERDUE
281474991094047,1831,4V4NC9EH7SN668680,GPG95RHSDM,141352.0,141339.0,5/12/2026,255.0,6/16/2025,-75.0,6/16/2025,-75.0,2025-08-29T15:17:02Z,2025-08-29T15:15:36Z,OK,OVERDUE,OVERDUE
281474991124856,1848,3AKJHHDR0SSVW9725,GZ76W2UYPU,182226.0,182901.0,6/3/2026,277.0,6/3/25,,6/3/25,,2025-08-29T15:16:38Z,2025-08-29T15:15:24Z,OK,No Data,No Data
281474991124972,1861,3AKJHHDR9SSVW9738,GPWXJT57E7,183745.0,184397.0,6/13/2026,287.0,8/15/2025,-15.0,8/15/2025,-15.0,2025-08-28T22:42:16Z,2025-08-28T22:39:17Z,OK,OVERDUE,OVERDUE
281474991130477,1865,3AKJHHDR0SSVW9742,GVUHAD3BYY,130927.0,129772.0,3/20/2026,202.0,7/24/2025,-37.0,7/24/2025,-37.0,2025-08-29T14:17:41Z,2025-08-27T19:53:14Z,OK,OVERDUE,OVERDUE
281474991195131,1851,3AKJHHDR6SSVW9728,GM5YNMXXRW,110761.0,113204.0,6/20/2026,294.0,6/20/2025,-71.0,6/20/2025,-71.0,2025-08-27T18:22:42Z,2025-08-27T19:45:21Z,OK,OVERDUE,OVERDUE
281474991220628,1854,3AKJHHDR6SSVW9731,GWKK334RZU,152921.0,153376.0,6/7/2026,281.0,6/26/25,,6/26/25,,2025-08-29T15:16:48Z,2025-08-29T15:16:04Z,OK,No Data,No Data
281474991222603,1850,3AKJHHDR4SSVW9727,GJ45S5XRRV,174360.0,174904.0,5/5/2026,248.0,7/30/25,,7/30/25,,2025-08-29T14:57:10Z,2025-08-29T00:24:35Z,OK,No Data,No Data
281474991389997,1868,3AKJHHDR6SSVW9745,G23TJXBZUF,172538.0,171428.0,5/22/2026,265.0,7/25/2025,-36.0,7/25/2025,-36.0,2025-08-28T23:32:15Z,2025-08-29T09:42:19Z,OK,OVERDUE,OVERDUE
281474991389997,1868,3AKJHHDR6SSVW9745,G23TJXBZUF,172538.0,171428.0,3/15/2024,-533.0,5/16/23,,5/16/23,,2025-08-28T23:32:15Z,2025-08-29T09:42:19Z,OVERDUE,No Data,No Data
281474991390014,1860,3AKJHHDR7SSVW9737,GRXTCR2BUA,209647.0,210239.0,4/14/2026,227.0,8/13/25,,8/13/25,,2025-08-25T21:53:41Z,2025-08-26T08:04:06Z,OK,No Data,No Data
281474991409165,1880,3AKJHHDR2SSVW9757,GPHKK9MMG7,167283.0,167791.0,6/27/2026,301.0,8/11/25,,8/11/25,,2025-08-29T15:16:58Z,2025-08-29T15:15:59Z,OK,No Data,No Data
281474991508575,1373,3AKJHHDR5NSMX1956,GV54BA3KB7,91155.0,91823.0,5/17/2026,260.0,8/5/2025,-25.0,8/5/2025,-25.0,2025-08-29T15:14:57Z,2025-08-29T14:56:05Z,OK,OVERDUE,OVERDUE
281474991754991,1818,4V4NC9EH8SN668669,GD5E6PFU9N,127953.0,128038.0,4/4/2026,217.0,7/7/25,,7/7/25,,2025-08-29T15:17:02Z,2025-08-29T15:15:52Z,OK,No Data,No Data
281474991822043,1845,4V4NC9EH1SN682428,GU499FTBEP,199892.0,200607.0,7/3/2026,307.0,7/3/2025,-58.0,7/3/2025,-58.0,2025-08-08T16:56:08Z,2025-08-08T16:56:29Z,OK,OVERDUE,OVERDUE
281474991832120,1843,4V4NC9EH4SN682424,GX6FH6B7S8,146799.0,147425.0,7/28/2026,332.0,7/28/25,,7/28/25,,2025-08-26T18:12:00Z,2025-08-26T18:14:28Z,OK,No Data,No Data
281474991839849,1842,4V4NC9EH8SN682426,GW5U3MTCTB,118608.0,119176.0,6/17/2026,291.0,6/17/25,,6/17/25,,2025-08-29T15:16:58Z,2025-08-29T15:16:10Z,OK,No Data,No Data
281474991853343,1844,4V4NC9EHXSN682427,G2SBW6C9T2,108002.0,108547.0,8/26/2026,361.0,8/26/25,,8/26/25,,2025-08-29T14:52:57Z,2025-08-29T14:52:40Z,OK,No Data,No Data
281474991875286,1841,4V4NC9EH6SN682425,GYHXXS3N4X,139821.0,139902.0,7/2/2026,306.0,7/2/2025,-59.0,7/2/2025,-59.0,2025-08-28T14:48:34Z,2025-08-28T16:59:10Z,OK,OVERDUE,OVERDUE
281474992046121,5025,3AKJHHDR6KSKA9371,,708222.0,94312.0,8/5/2025,-25.0,3/4/25,,3/4/25,,2025-04-22T15:45:12Z,2025-04-22T16:20:12Z,OVERDUE,No Data,No Data
281474992063500,586,3AKJHHDR2MSNA0288,,511422.0,74193.0,12/2/2025,94.0,6/4/25,,6/4/25,,2025-07-07T19:13:37Z,2025-07-07T18:55:52Z,OK,No Data,No Data
281474992125625,GHWY-24S-U98,,GHWY24SU98,0.0,0.0,,,,,,,,2025-04-30T04:43:04Z,No Data,No Data,No Data
281474992129722,5031,3AKJHHDR8KSJW9038,GXZVSKS5UW,131098.0,133268.0,8/13/2025,-17.0,3/1/25,,3/1/25,,2025-08-29T15:16:55Z,2025-08-29T15:16:15Z,OVERDUE,No Data,No Data
281474992196788,1840,4V4NC9EH1SN668688,G7DE5M4YG7,118489.0,118420.0,7/18/2026,322.0,8/8/2025,-22.0,8/8/2025,-22.0,2025-08-29T15:16:51Z,2025-08-29T15:16:01Z,OK,OVERDUE,OVERDUE
281474992351143,1878,3AKJHHDR9SSVW9755,G6FRKPFNNB,119111.0,119711.0,8/15/2026,350.0,8/15/25,,8/15/25,,2025-08-29T15:16:39Z,2025-08-29T14:19:34Z,OK,No Data,No Data
281474992372603,1853,3AKJHHDR4SSVW9730,GMNNWVD9PH,137058.0,137582.0,7/9/2026,313.0,7/9/25,,7/9/25,,2025-08-29T14:54:06Z,2025-08-29T06:11:21Z,OK,No Data,No Data
281474992387738,1855,3AKJHHDR8SSVW9732,G9S5AUSFS9,156679.0,157428.0,5/4/2026,247.0,8/8/2025,-22.0,8/8/2025,-22.0,2025-08-29T15:16:56Z,2025-08-29T12:55:38Z,OK,OVERDUE,OVERDUE
281474992387828,1869,3AKJHHDR8SSVW9746,G9Y4KT88F6,112203.0,112550.0,7/11/2026,315.0,5/3/25,,5/3/25,,2025-08-26T22:41:30Z,2025-08-27T08:51:59Z,OK,No Data,No Data
281474992388473,1862,3AKJHHDR0SSVW9739,GVWJSZ6RS8,96613.0,96806.0,6/23/2026,297.0,07/18,,07/18,,2025-08-29T14:32:58Z,2025-08-29T14:29:27Z,OK,No Data,No Data
281474992486821,1874,3AKJHHDR1SSVW9751,GNEH35EMWJ,121518.0,122338.0,9/10/2025,11.0,6/4/25,,6/4/25,,2025-08-29T15:16:38Z,2025-08-29T15:16:16Z,CRITICAL,No Data,No Data
281474992542370,5037,3AKJHHDR3MSMN6449,,743148.0,140313.0,8/5/2026,340.0,8/10/25,,8/10/25,,2025-06-19T14:04:14Z,2025-06-19T14:48:53Z,OK,No Data,No Data
281474992907320,1377,1XPBDP9X0ND794325,,175393.0,13564.0,8/3/2024,-392.0,4/11/23,,4/11/23,,2025-02-11T21:37:34Z,2025-02-11T22:23:51Z,OVERDUE,No Data,No Data
281474992907320,1377,1XPBDP9X0ND794325,,175393.0,13564.0,8/28/2025,-2.0,9/20/2024,-344.0,9/20/2024,-344.0,2025-02-11T21:37:34Z,2025-02-11T22:23:51Z,OVERDUE,OVERDUE,OVERDUE
281474993410104,1879,3AKJHHDR0SSVW9756,GP9ENHYY97,153327.0,153692.0,4/16/2026,229.0,08/27,,08/27,,2025-08-29T14:08:04Z,2025-08-29T11:53:21Z,OK,No Data,No Data
281474993571516,1495,3AKJHHDR4PSNL7934,,315483.0,10913.0,5/19/2026,262.0,5/30/2025,-92.0,5/30/2025,-92.0,2025-08-21T18:43:43Z,2025-08-21T20:00:01Z,OK,OVERDUE,OVERDUE
281474993571568,1497,3AKJHHDRXSSWC1910,,1729.0,291.0,,,,,,,2025-03-13T18:14:32Z,2025-03-14T04:25:13Z,No Data,No Data,No Data
281474993571800,1376,1XPBDP9X9ND794324,,295535.0,12.0,10/6/2024,-328.0,7/19/23,,7/19/23,,2025-02-07T21:58:48Z,2025-02-07T22:38:44Z,OVERDUE,No Data,No Data
281474993676126,1884,3AKJHHDR0SSWC1883,GE7CCFKHBK,77012.0,77325.0,7/14/2026,318.0,7/14/25,,7/14/25,,2025-08-29T15:17:07Z,2025-08-29T15:15:59Z,OK,No Data,No Data
281474993698574,1888,3AKJHHDR8SSWC1887,GDMVW8XCZE,99024.0,99657.0,8/14/2026,349.0,7/3/2025,-58.0,7/3/2025,-58.0,2025-08-29T14:55:13Z,2025-08-29T14:31:26Z,OK,OVERDUE,OVERDUE
281474993710244,1886,3AKJHHDR4SSWC1885,GGSK7YET9E,112198.0,111014.0,6/30/2026,304.0,5/22/25,,5/22/25,,2025-08-27T19:54:22Z,2025-07-15T01:48:57Z,OK,No Data,No Data
281474993789370,1375,1XPBDP9X7ND794323,,311579.0,2.0,,,,,,,2025-02-10T17:18:53Z,2025-02-10T17:50:09Z,No Data,No Data,No Data
281474993886664,1604,1FUJHHDR2PLNV2153,,325014.0,2.0,,,,,,,2025-01-27T20:50:13Z,2025-01-27T21:44:16Z,No Data,No Data,No Data
281474993926738,1581,3AKJHHDRXSSWC1907,,1694.0,293.0,,,,,,,2025-03-14T18:11:15Z,2025-02-26T16:23:03Z,No Data,No Data,No Data
281474993926762,1492,3AKJHHDR9PSNL7895,,404622.0,3.0,,,,,,,2025-02-26T20:28:45Z,2025-02-26T21:31:50Z,No Data,No Data,No Data
281474993996437,1617,3AKJHHDR1SSWC1908,,59.0,9.0,,,,,,,2025-03-13T20:00:32Z,2025-03-14T06:11:05Z,No Data,No Data,No Data
281474993996538,1627,3AKJHHDR8RSUX0757,,310849.0,2.0,,,,,,,2025-02-17T20:14:37Z,2025-02-17T22:25:58Z,No Data,No Data,No Data
281474994036772,1885,3AKJHHDR2SSWC1884,GKT4ZJW6CC,109700.0,110181.0,8/6/2026,341.0,8/6/25,,8/6/25,,2025-08-28T20:49:50Z,2025-08-29T06:59:57Z,OK,No Data,No Data
281474994167023,1887,3AKJHHDR6SSWC1886,G27P9TACWR,79962.0,80318.0,9/30/2025,31.0,6/13/2025,-78.0,6/13/2025,-78.0,2025-08-29T15:14:09Z,2025-08-29T14:19:53Z,WARNING,OVERDUE,OVERDUE
281474994284148,1597,1FUJHHDR1PLNV2158,,286229.0,0.0,10/15/2025,46.0,4/6/24,,4/6/24,,2025-01-28T17:55:23Z,2025-01-28T19:25:32Z,WARNING,No Data,No Data
281474994347500,1893,3AKJHHDRXSSWC1891,GRM8N9ARHG,97256.0,97720.0,8/1/2026,336.0,8/1/25,,8/1/25,,2025-08-29T15:03:25Z,2025-08-29T13:05:34Z,OK,No Data,No Data
281474994520467,1889,3AKJHHDRXSSWC1888,GM9A5452ZY,99790.0,100307.0,7/11/2026,315.0,7/11/25,,7/11/25,,2025-08-29T14:49:32Z,2025-08-29T14:40:31Z,OK,No Data,No Data
281474994555749,5051,4V4NC9EJ9SN695382,,61101.0,60740.0,2/7/2026,161.0,5/27/2025,-95.0,5/27/2025,-95.0,2025-06-09T18:31:19Z,2025-06-09T18:50:49Z,OK,OVERDUE,OVERDUE
281474994556688,5052,3AKJHHDR9KSHU6310,GMCKNYB9RY,755603.0,68385.0,2/7/26,,7/8/2025,-53.0,7/8/2025,-53.0,2025-08-29T11:48:27Z,2025-08-29T11:39:38Z,No Data,OVERDUE,OVERDUE
281474994580333,1894,3AKJHHDR1SSWC1892,GP5S3CEJT3,96488.0,97184.0,7/22/2026,326.0,7/22/25,,7/22/25,,2025-08-29T13:53:15Z,2025-08-29T13:40:40Z,OK,No Data,No Data
281474994632020,1890,3AKJHHDR1SSWC1889,GS3R535GR6,63864.0,64173.0,2/6/2026,160.0,5/30/25,,5/30/25,,2025-08-29T13:16:30Z,2025-08-29T13:02:17Z,OK,No Data,No Data
281474994656854,1892,3AKJHHDR8SSWC1890,GMMJE5474J,73975.0,74347.0,7/10/2026,314.0,5/29/2025,-93.0,5/29/2025,-93.0,2025-08-29T15:17:00Z,2025-08-29T15:16:05Z,OK,OVERDUE,OVERDUE
281474994713791,1904,3AKJHHDR0SSWC1902,GRU37H8UH6,75707.0,76066.0,9/3/2025,4.0,5/22/25,,5/22/25,,2025-08-29T15:16:37Z,2025-08-29T15:16:21Z,CRITICAL,No Data,No Data
281474994727617,1903,3AKJHHDR9SSWC1901,GGASBTW8MW,78268.0,78693.0,8/21/2026,356.0,8/21/25,,8/21/25,,2025-08-29T15:16:40Z,2025-08-29T15:16:01Z,OK,No Data,No Data
281474994743322,1902,3AKJHHDR7SSWC1900,GCBATN3KRS,76640.0,77118.0,8/14/2026,349.0,8/14/25,,8/14/25,,2025-08-29T15:16:46Z,2025-08-29T15:15:49Z,OK,No Data,No Data
281474994745701,1899,3AKJHHDR0SSWC1897,G9ZDYE7AVW,67983.0,66681.0,8/8/2026,343.0,8/8/25,,8/8/25,,2025-08-29T14:34:39Z,2025-08-29T14:27:07Z,OK,No Data,No Data
281474994745726,1896,3AKJHHDR5SSWC1894,GUD5D77FRD,91507.0,91984.0,7/18/2026,322.0,7/18/2025,-43.0,7/18/2025,-43.0,2025-08-29T15:17:05Z,2025-08-29T15:16:10Z,OK,OVERDUE,OVERDUE
281474994745896,5060,3AKJHHDR6SSWC1905,GC72JTZ6U9,99601.0,100031.0,,,,,,,2025-08-29T15:17:05Z,2025-08-29T15:16:12Z,No Data,No Data,No Data
281474994747356,1895,3AKJHHDR3SSWC1893,G36ZFHDADA,78463.0,78819.0,7/22/2026,326.0,7/22/25,,7/22/25,,2025-08-29T15:16:46Z,2025-08-29T15:15:50Z,OK,No Data,No Data
281474994747894,1900,3AKJHHDR2SSWC1898,GXE2ZMVTRW,99316.0,99666.0,7/24/2026,328.0,7/24/25,,7/24/25,,2025-08-19T20:21:29Z,2025-08-20T06:31:18Z,OK,No Data,No Data
281474994761589,1909,3AKJHHDR4SSWC1904,G5KUP6KXGB,114459.0,114979.0,8/4/2026,339.0,7/14/25,,7/14/25,,2025-08-29T15:16:58Z,2025-08-29T14:24:24Z,OK,No Data,No Data
281474994761703,1901,3AKJHHDR4SSWC1899,GZ8NPD5HYE,69423.0,69735.0,7/11/2026,315.0,8/20/25,,8/20/25,,2025-08-29T13:52:23Z,2025-08-29T13:51:06Z,OK,No Data,No Data
281474994762360,5054,3AKJHHDR9SSWC1896,G4P5C5NFDZ,84606.0,84823.0,8/17/26,,8/17/2025,-13.0,8/17/2025,-13.0,2025-08-29T14:41:09Z,2025-08-29T12:08:08Z,No Data,OVERDUE,OVERDUE
281474994764622,1897,3AKJHHDR7SSWC1895,GPRT7KTSU2,76451.0,74930.0,8/25/2026,360.0,8/25/25,,8/25/25,,2025-08-29T15:16:39Z,2025-08-29T15:15:48Z,OK,No Data,No Data
281474994864236,1770,3AKJHHDR9RSUX0900,GDREWF25KZ,88183.0,63461.0,2/24/2026,178.0,6/20/25,,6/20/25,,2025-08-29T11:03:51Z,2025-08-29T10:40:23Z,OK,No Data,No Data
281474994874918,5055,1FUJHHDR4NLMX1894,,564276.0,57768.0,2/28/26,,5/7/2025,-115.0,5/7/2025,-115.0,2025-07-08T17:36:33Z,2025-07-08T17:54:29Z,No Data,OVERDUE,OVERDUE
281474995214953,1928,3AKJHHDR6TSWK8990,GZMSTB9BDV,72213.0,70830.0,3/1/2026,183.0,6/23/25,,6/23/25,,2025-08-29T12:13:13Z,2025-08-29T12:06:47Z,OK,No Data,No Data
281474995219725,1923,3AKJHHDR2TSWK8985,GS8CCR9JA6,60806.0,61319.0,3/1/2026,183.0,6/25/25,,6/25/25,,2025-08-29T15:17:07Z,2025-08-29T15:15:58Z,OK,No Data,No Data
281474995255327,1939,3AKJHHDR5TSWK9001,GJB4F8UKWY,86172.0,86400.0,2/18/2026,172.0,8/20/2025,-10.0,8/20/2025,-10.0,2025-08-29T14:58:23Z,2025-08-29T14:48:21Z,OK,OVERDUE,OVERDUE
281474995269713,5056,3AKJHHDR9NSMX1796,G4KKNP6GYJ,624966.0,91670.0,10/2/2025,33.0,6/30/2025,-61.0,6/30/2025,-61.0,2025-08-26T00:05:03Z,2025-08-26T10:15:44Z,WARNING,OVERDUE,OVERDUE
281474995287616,1929,3AKJHHDR8TSWK8991,GFYMHNCPGX,57388.0,57662.0,2/21/2026,175.0,8/7/25,,8/7/25,,2025-08-29T14:34:15Z,2025-08-29T14:13:51Z,OK,No Data,No Data
281474995291159,1941,3AKJHHDR9TSWK9003,G6DRT3M3BK,68385.0,66673.0,2/20/2026,174.0,6/23/25,,6/23/25,,2025-08-29T15:16:52Z,2025-08-29T15:15:58Z,OK,No Data,No Data
281474995292503,1934,3AKJHHDR7TSWK8996,GUPDZR7SUN,62206.0,60862.0,2/21/2026,175.0,6/3/25,,6/3/25,,2025-08-29T14:48:59Z,2025-08-29T14:37:02Z,OK,No Data,No Data
281474995318207,1930,3AKJHHDRXTSWK8992,GDU6B6PDV2,64219.0,64395.0,2/1/2026,155.0,7/21/25,,7/21/25,,2025-08-29T13:41:28Z,2025-08-29T13:39:10Z,OK,No Data,No Data
281474995325784,1938,3AKJHHDR3TSWK9000,G3EZNSJHED,73274.0,73475.0,2/24/2026,178.0,6/20/2025,-71.0,6/20/2025,-71.0,2025-08-29T14:15:20Z,2025-08-29T14:14:12Z,OK,OVERDUE,OVERDUE
281474995509217,1932,3AKJHHDR3TSWK8994,GSYPV93F2Y,79545.0,78223.0,3/26/2026,208.0,6/20/25,,6/20/25,,2025-08-27T20:31:13Z,2025-08-28T08:08:25Z,OK,No Data,No Data
281474995511723,1937,3AKJHHDR2TSWK8999,GWHYWN3KVS,93371.0,93732.0,3/14/2026,196.0,7/25/2025,-36.0,7/25/2025,-36.0,2025-08-22T16:08:45Z,2025-08-23T02:19:02Z,OK,OVERDUE,OVERDUE
281474995513228,1943,3AKJHHDR0TSWK9004,GMJU6FSRWK,56570.0,55110.0,3/18/2026,200.0,5/29/25,,5/29/25,,2025-08-29T15:17:02Z,2025-08-29T15:16:12Z,OK,No Data,No Data
281474995518000,1927,3AKJHHDRXTSWK8989,GX8BW7ETNY,58545.0,58859.0,3/16/2026,198.0,6/27/25,,6/27/25,,2025-08-29T14:35:07Z,2025-08-29T14:21:19Z,OK,No Data,No Data
281474995529251,1931,3AKJHHDR1TSWK8993,G7F4TCJT5J,59442.0,59839.0,3/14/2026,196.0,7/10/25,,7/10/25,,2025-08-29T15:17:05Z,2025-08-29T15:13:37Z,OK,No Data,No Data
281474995569942,1926,3AKJHHDR8TSWK8988,GAR3T48AZV,57578.0,57897.0,4/10/2026,223.0,7/14/2025,-47.0,7/14/2025,-47.0,2025-08-18T18:12:43Z,2025-08-20T07:40:50Z,OK,OVERDUE,OVERDUE
281474995573883,1933,3AKJHHDR5TSWK8995,GMS68NTXNV,76738.0,77064.0,3/17/2026,199.0,8/16/25,,8/16/25,,2025-08-29T15:17:03Z,2025-08-29T15:16:00Z,OK,No Data,No Data
281474995598778,1925,3AKJHHDR6TSWK8987,GKBBXKRACZ,65323.0,65600.0,3/17/2026,199.0,8/26/25,,8/26/25,,2025-08-29T14:54:39Z,2025-08-29T09:12:41Z,OK,No Data,No Data
281474995608839,1935,3AKJHHDR9TSWK8997,GDB9BMNHT4,69176.0,69556.0,3/17/2026,199.0,8/23/25,,8/23/25,,2025-08-29T15:15:10Z,2025-08-29T15:06:36Z,OK,No Data,No Data
281474995630496,1956,4V4BC9EH0TN704360,G5AMJV2A45,27899.0,28207.0,4/7/2026,220.0,8/6/25,,8/6/25,,2025-08-29T15:02:11Z,2025-08-29T14:45:25Z,OK,No Data,No Data
281474995655203,1921,3AKJHHDR9TSWK8983,GAMK2DPPXT,60596.0,60910.0,3/21/2026,203.0,7/11/25,,7/11/25,,2025-08-29T15:16:45Z,2025-08-29T15:16:20Z,OK,No Data,No Data
281474995669009,1955,4V4BC9EH1TN704349,G88AWFCTHN,27332.0,27649.0,4/17/2026,230.0,,,,,2025-08-25T15:17:27Z,2025-08-25T16:01:06Z,OK,No Data,No Data
281474995690782,1431,3AKJHHDR8NSMX1952,,443057.0,12.0,,,,,,,2025-06-02T18:53:09Z,2025-06-02T19:30:47Z,No Data,No Data,No Data
281474995690823,1557,1FUJHHDR3PLNV2114,,446632.0,0.0,,,,,,,2025-04-22T19:34:42Z,2025-04-22T16:57:27Z,No Data,No Data,No Data
281474995728646,1936,3AKJHHDR0TSWK8998,GSF48V995H,65836.0,66209.0,3/15/2026,197.0,8/28/25,,8/28/25,,2025-08-28T17:01:26Z,2025-08-29T03:12:04Z,OK,No Data,No Data
281474995737203,1952,4V4BC9EH4TN704359,GVY49533TR,61441.0,62130.0,4/17/2026,230.0,7/11/2025,-50.0,7/11/2025,-50.0,2025-08-29T15:14:37Z,2025-08-29T14:47:56Z,OK,OVERDUE,OVERDUE
281474995750884,1924,3AKJHHDR4TSWK8986,GTGY9SE9RG,57993.0,56561.0,3/17/2026,199.0,7/21/25,,7/21/25,,2025-08-29T15:16:37Z,2025-08-29T14:41:57Z,OK,No Data,No Data
281474995751794,1946,3AKJHHDR6TSWK9007,GEJEEVCKGF,32941.0,31339.0,3/18/2026,200.0,,,,,2025-08-29T13:02:29Z,2025-08-29T12:57:14Z,OK,No Data,No Data
281474995751814,1940,3AKJHHDR7TSWK9002,GFPRHYUWB3,65093.0,65399.0,2/17/2026,171.0,6/28/25,,6/28/25,,2025-08-29T02:46:19Z,2025-08-29T12:56:36Z,OK,No Data,No Data
281474995752609,1950,4V4BC9EH6TN704346,GPKEDT8VCJ,58410.0,59024.0,4/7/2026,220.0,7/11/25,,7/11/25,,2025-08-29T15:17:10Z,2025-08-29T15:16:19Z,OK,No Data,No Data
281474995752829,1945,3AKJHHDR4TSWK9006,GU654BBF8V,48506.0,48706.0,3/17/2026,199.0,8/19/2025,-11.0,8/19/2025,-11.0,2025-08-29T15:17:03Z,2025-08-29T15:15:56Z,OK,OVERDUE,OVERDUE
281474995776652,1951,4V4BC9EH8TN704347,G2MJCNJVPS,66640.0,67370.0,04/24/2026,237.0,06/27/2025,-64.0,06/27/2025,-64.0,2025-08-29T15:16:54Z,2025-08-29T15:15:52Z,OK,OVERDUE,OVERDUE
281474995802544,1549,3AKJHHDR4PSNV2093,,471694.0,1.0,,,,,,,2025-06-02T18:39:25Z,2025-06-02T18:40:00Z,No Data,No Data,No Data
281474995831854,1616,1FUJHHDR5PLNV2163,,351791.0,4.0,,,,,,,2025-07-31T16:48:22Z,2025-07-31T17:14:07Z,No Data,No Data,No Data
281474995844379,1613,1FUJHHDR4PLNV2154,,405043.0,4.0,,,,,,,2025-05-28T18:42:45Z,2025-05-28T19:14:34Z,No Data,No Data,No Data
281474995894835,1949,4V4BC9EH2TN704358,,44.0,1.0,,,,,,,2025-06-11T21:15:48Z,2025-06-11T09:45:22Z,No Data,No Data,No Data
281474995899039,1947,4V4BC9EH4TN704345,G7ZWFNYB5W,45404.0,45905.0,4/24/2026,237.0,,,,,2025-08-29T15:17:05Z,2025-08-29T15:16:22Z,OK,No Data,No Data
281474995910081,1953,4V4BC9EH2TN704344,GM6USSZRVZ,14667.0,14189.0,4/7/2026,220.0,,,,,2025-08-29T15:16:43Z,2025-08-29T15:16:17Z,OK,No Data,No Data
281474996188386,1412,3AKJHHDR2NSNG7474,,445366.0,1.0,,,,,,,2025-05-20T14:08:59Z,2025-05-20T20:21:06Z,No Data,No Data,No Data
281474996188403,1614,1FUJHHDRXPLNV2157,,390807.0,586.0,,,,,,,2025-08-28T14:32:11Z,2025-08-28T16:02:59Z,No Data,No Data,No Data
281474996188421,1448,3AKJHHDRXPSNL7887,,338037.0,90.0,2/8/2025,-203.0,2/8/2024,-569.0,2/8/2024,-569.0,2025-07-31T12:45:06Z,2025-07-31T14:12:57Z,OVERDUE,OVERDUE,OVERDUE
281474996219897,1578,1FUJHHDRXPLNV2143,,360129.0,92.0,11/17/2023,-652.0,7/10/23,,7/10/23,,2025-07-31T14:48:34Z,2025-07-31T16:16:17Z,OVERDUE,No Data,No Data
281474996251459,5057,1XKYD49X3TJ202008,GRHYXVE9W7,45540.0,44371.0,,,,,,,2025-08-29T13:14:08Z,2025-08-28T02:07:38Z,No Data,No Data,No Data
281474996342568,1965,4V4BC9EH5TN704368,GNKWTBEGCA,38586.0,39054.0,,,,,,,2025-08-29T15:16:48Z,2025-08-29T15:16:15Z,No Data,No Data,No Data
281474996348634,1546,3AKJHHDR3PSNV2098,,361304.0,2.0,8/23/2024,-372.0,8/16/23,,8/16/23,,2025-07-31T14:05:22Z,2025-07-31T14:20:35Z,OVERDUE,No Data,No Data
281474996348648,1612,1FUJHHDR5PLNV2146,,418714.0,3.0,,,,,,,2025-08-12T18:08:11Z,2025-08-12T19:01:37Z,No Data,No Data,No Data
281474996389571,1967,4V4BC9EH3TN704370,GDWWSUZ79Z,40762.0,40596.0,,,,,,,2025-08-29T15:17:08Z,2025-08-29T15:15:49Z,No Data,No Data,No Data
281474996391390,1966,4V4BC9EH7TN704369,GBKCZXHYTB,36413.0,36869.0,6/24/2022,-1163.0,8/17/2021,-1474.0,8/17/2021,-1474.0,2025-08-29T15:14:05Z,2025-08-29T15:11:16Z,OVERDUE,OVERDUE,OVERDUE
281474996392389,1954,4V4BC9EHXTN704348,GG8ADDW5NA,120.0,109.0,,,,,,,2025-08-25T21:25:21Z,2025-08-26T07:36:16Z,No Data,No Data,No Data
281474996401240,1961,4V4BC9EH8TN704364,GR8GHRKAKG,28306.0,28650.0,,,,,,,2025-08-28T21:23:56Z,2025-08-29T07:34:31Z,No Data,No Data,No Data
281474996405348,5058,4V4NC9EH2LN236225,GH3TMKHF7T,705266.0,33825.0,,,,,,,2025-08-29T06:24:23Z,2025-08-29T09:34:12Z,No Data,No Data,No Data
281474996457356,1452,3AKJHHDR3PSNL7908,,451419.0,2.0,,,,,,,2025-07-15T19:55:40Z,2025-07-15T06:18:54Z,No Data,No Data,No Data
281474996491378,1540,1FUJHHDR3PLNV2131,,456639.0,9.0,,,,,,,2025-08-12T18:58:17Z,2025-08-12T19:16:22Z,No Data,No Data,No Data
281474996751211,1599,1FUJHHDR6PLNV2141,,364891.0,11.0,,,,,,,2025-08-12T16:00:06Z,2025-08-12T16:37:38Z,No Data,No Data,No Data
281474996768413,1550,3AKJHHDR8PSNV2095,,374362.0,5.0,8/19/2024,-376.0,12/4/23,,12/4/23,,2025-08-12T16:11:02Z,2025-08-12T16:28:10Z,OVERDUE,No Data,No Data
281474996912306,1564,1FUJHHDR9PLNV2134,,330294.0,2.0,9/20/2024,-344.0,11/13/23,,11/13/23,,2025-07-30T13:07:17Z,2025-07-30T13:38:18Z,OVERDUE,No Data,No Data
281474996931253,1479,3AKJHHDR5PSNL7926,,385432.0,5.0,4/4/2024,-513.0,9/22/23,,9/22/23,,2025-08-12T15:50:19Z,2025-08-12T16:09:13Z,OVERDUE,No Data,No Data
281474996933965,1533,4V4NC9EH5PN323848,,278083.0,0.0,,,,,,,2025-07-02T12:55:19Z,2025-07-02T14:56:37Z,No Data,No Data,No Data
281474996955301,1603,1FUJHHDR6PLNV2138,,421904.0,3.0,,,,,,,2025-08-12T18:11:31Z,2025-08-12T19:04:02Z,No Data,No Data,No Data
281474996966498,1429,3AKJHHDR6NSNB6513,,486226.0,4.0,,,,,,,2025-08-12T18:53:52Z,2025-08-12T19:53:16Z,No Data,No Data,No Data
281474996969140,1982,3AKJHHDR8TSWK9011,GX382KGJXT,27249.0,27306.0,,,,,,,2025-08-29T12:07:39Z,2025-08-29T06:14:15Z,No Data,No Data,No Data
281474996969188,1980,3AKJHHDRXTSWK9009,GA5ZCMRV33,24761.0,24812.0,,,,,,,2025-08-28T22:39:43Z,2025-08-29T08:50:09Z,No Data,No Data,No Data
281474996969998,1983,3AKJHHDRXTSWK9012,GX6RNC86WA,34612.0,34739.0,,,,,,,2025-08-29T15:16:59Z,2025-08-29T15:16:11Z,No Data,No Data,No Data
281474997006906,1981,3AKJHHDR6TSWK9010,GVR2JJYETP,25805.0,25865.0,,,,,,,2025-08-29T15:16:43Z,2025-08-29T15:16:09Z,No Data,No Data,No Data
281474997050650,1975,4V4BC9EH7TN704355,G2JUUUSC9V,22999.0,22558.0,,,,,,,2025-08-29T14:12:11Z,2025-08-29T14:13:43Z,No Data,No Data,No Data
281474997068876,1545,1FUJHHDR9PLNV2117,,390207.0,3.0,11/2/2024,-301.0,,,,,2025-08-04T13:37:34Z,2025-08-12T15:43:33Z,OVERDUE,No Data,No Data
281474997073562,1978,3AKJHHDR8TSWK9008,GWV34AEB2Z,22862.0,22875.0,,,,,,,2025-08-29T15:02:58Z,2025-08-29T14:58:51Z,No Data,No Data,No Data
281474997076448,1973,4V4BC9EH3TN704353,GXAXPW6VN5,14225.0,14372.0,7/1/2026,305.0,,,,,2025-08-20T20:47:45Z,2025-08-26T05:50:21Z,OK,No Data,No Data
281474997078512,1632,3AKJHHDR0RSUX0770,,299004.0,3.0,03/15/2025,-168.0,5/8/2024,-479.0,5/8/2024,-479.0,2025-08-12T17:07:06Z,2025-08-04T13:00:04Z,OVERDUE,OVERDUE,OVERDUE
281474997122177,1964,4V4BC9EH3TN704367,GKNYNNSFD4,15218.0,15401.0,7/14/2026,318.0,,,,,2025-08-29T15:17:05Z,2025-08-29T15:15:53Z,OK,No Data,No Data
281474997127736,1960,4V4BC9EH6TN704363,GP827WKMPB,13443.0,13563.0,,,,,,,2025-08-26T12:17:27Z,2025-08-26T22:28:03Z,No Data,No Data,No Data
281474997130754,1969,4V4BC9EH8TN704350,GYMTEWZW9X,41.0,35.0,,,,,,,2025-08-28T15:43:59Z,2025-08-28T15:45:02Z,No Data,No Data,No Data
281474997146202,1974,4V4BC9EH5TN704354,GMPX967AAK,8356.0,8383.0,,,,,,,2025-08-29T15:16:57Z,2025-08-29T15:16:13Z,No Data,No Data,No Data
281474997149404,1970,4V4BC9EHXTN704351,GXBKVKTGBJ,5183.0,4555.0,7/15/2026,319.0,,,,,2025-08-08T23:53:29Z,2025-08-09T10:04:24Z,OK,No Data,No Data
281474997155305,1976,4V4BC9EH9TN704356,G2DDZZAFV8,10486.0,10587.0,7/15/2026,319.0,,,,,2025-08-29T11:44:44Z,2025-08-29T04:34:07Z,OK,No Data,No Data
281474997157564,1559,1FUJHHDR7PLNV2116,,404177.0,16.0,8/23/2024,-372.0,11/13/23,,11/13/23,,2025-08-11T22:25:38Z,2025-08-12T18:10:48Z,OVERDUE,No Data,No Data
281474997272392,1971,4V4BC9EH7TN704372,G8YFRB46GM,69.0,62.0,,,,,,,2025-08-21T14:41:42Z,2025-08-21T18:42:14Z,No Data,No Data,No Data
281474997277802,1987,3AKJHHDR7TSWK9016,G6FCYR89SP,22300.0,20656.0,,,,,,,2025-08-29T15:17:01Z,2025-08-29T15:15:51Z,No Data,No Data,No Data
281474997297871,1985,3AKJHHDR3TSWK9014,G6T4FH99A6,25720.0,24158.0,7/23/2026,327.0,,,,,2025-08-29T15:16:54Z,2025-08-29T15:16:28Z,OK,No Data,No Data
281474997330539,1988,3AKJHHDR9TSWK9017,GMESBCUAW5,15645.0,13928.0,7/21/2026,325.0,7/21/25,,7/21/25,,2025-08-29T15:17:05Z,2025-08-29T15:16:15Z,OK,No Data,No Data
281474997339823,1984,3AKJHHDR1TSWK9013,GCVPSAMERM,10282.0,10260.0,,,,,,,2025-08-28T16:20:45Z,2025-08-29T02:31:36Z,No Data,No Data,No Data
281474997369317,1986,3AKJHHDR5TSWK9015,GUKJGGVJTR,17864.0,17893.0,,,,,,,2025-08-29T15:16:41Z,2025-08-29T15:15:58Z,No Data,No Data,No Data
281474997389348,1977,4V4BC9EH0TN704357,GCFMXJPX2D,3336.0,3341.0,,,,,,,2025-08-29T15:08:13Z,2025-08-29T14:53:38Z,No Data,No Data,No Data
281474997516150,5037,3AKJHHDR3MSMN6449,GFYZHFXX7P,784323.0,15884.0,8/5/2026,340.0,8/10/25,,8/10/25,,2025-08-29T15:16:56Z,2025-08-29T15:15:56Z,OK,No Data,No Data
281474997534416,1989,3AKJHHDR0TSWK9018,GPB3MH4SCC,563.0,502.0,,,,,,,2025-08-29T13:23:46Z,2025-08-29T13:14:48Z,No Data,No Data,No Data
281474997534917,1992,3AKJHHDR2TSWK9022,G6WT5PTX4T,50.0,1.0,,,,,,,2025-08-14T15:40:44Z,2025-08-15T01:50:41Z,No Data,No Data,No Data
281474997535571,1993,3AKJHHDR4TSWK9023,GBGM9YXBHV,1689.0,1.0,,,,,,,2025-08-26T13:54:04Z,2025-08-27T00:03:55Z,No Data,No Data,No Data
281474997535687,1990,3AKJHHDR9TSWK9020,G89WDMX529,2892.0,2845.0,,,,,,,2025-08-26T00:45:05Z,2025-08-26T10:54:43Z,No Data,No Data,No Data
281474997535813,1991,3AKJHHDR0TSWK9021,GTB4RVPCMJ,202.0,153.0,,,,,,,2025-08-29T15:17:04Z,2025-08-29T15:16:18Z,No Data,No Data,No Data
281474997680274,2002,3AKJHHDR5TSWK9032,GKDU8X5J89,4350.0,2652.0,,,,,,,2025-08-29T13:12:28Z,2025-08-29T12:57:21Z,No Data,No Data,No Data
281474997680884,2001,3AKJHHDR3TSWK9031,GF4K8JSJS6,2968.0,2914.0,,,,,,,2025-08-29T15:16:54Z,2025-08-29T15:14:03Z,No Data,No Data,No Data
281474997820316,1995,3AKJHHDR8TSWK9025,G6M7PAUCAG,115.0,2.0,,,,,,,2025-08-22T20:31:11Z,2025-08-23T06:40:56Z,No Data,No Data,No Data
281474997820863,2020,3AKJJHDR6TSWS7584,GB5HSVJD6G,1727.0,4.0,,,,,,,2025-08-26T20:19:03Z,2025-08-27T06:29:59Z,No Data,No Data,No Data
281474997820945,2005,3AKJHHDRXTSWK9043,GH26Y3E6VE,3540.0,1818.0,,,,,,,2025-08-29T14:42:16Z,2025-08-29T14:38:05Z,No Data,No Data,No Data
